tradedate;tradetime;period_0.25;period_30.0
06.01.2014;12:21:16;5,92;8,72
08.01.2014;12:41:22;5,92;8,74
09.01.2014;18:38:19;5,78;8,74
10.01.2014;18:38:17;5,7;8,74
13.01.2014;18:37:26;5,81;8,77
14.01.2014;18:39:09;5,78;8,79
15.01.2014;18:38:21;5,78;8,81
16.01.2014;18:38:30;5,78;8,85
17.01.2014;18:39:49;5,84;8,88
20.01.2014;18:39:25;5,82;8,9
21.01.2014;18:38:47;5,93;8,93
22.01.2014;18:39:29;5,91;8,95
23.01.2014;18:38:07;5,93;8,98
24.01.2014;18:39:07;6,08;9,1
27.01.2014;18:39:32;6,02;9,14
28.01.2014;18:39:37;6,06;9,14
29.01.2014;18:38:35;6,16;9,18
30.01.2014;18:39:32;6,38;9,17
31.01.2014;18:39:46;6,22;9,07
03.02.2014;18:39:31;6,08;8,87
04.02.2014;18:39:50;6,02;8,76
05.02.2014;18:39:23;6;8,7
06.02.2014;18:39:19;6,08;8,73
07.02.2014;18:36:44;5,98;8,73
10.02.2014;18:37:12;6,01;8,75
11.02.2014;18:39:03;6;8,78
12.02.2014;18:39:46;6,08;8,78
13.02.2014;18:38:03;6,08;8,86
14.02.2014;18:32:09;6,02;8,83
17.02.2014;18:34:15;5,98;8,83
18.02.2014;18:39:17;6,07;8,91
19.02.2014;18:38:07;6,13;9
20.02.2014;18:38:52;5,86;8,93
21.02.2014;18:39:19;6,01;8,94
24.02.2014;18:35:23;5,88;8,84
25.02.2014;18:33:22;5,91;8,83
26.02.2014;18:35:25;5,75;8,86
27.02.2014;18:38:53;5,77;8,89
28.02.2014;18:38:35;5,76;8,87
03.03.2014;18:31:43;7,01;9,4
04.03.2014;18:34:20;6,73;9,25
05.03.2014;18:39:43;6,84;9,16
06.03.2014;18:39:02;6,9;9,22
07.03.2014;18:39:57;6,7;9,16
11.03.2014;18:39:54;6,49;9,14
12.03.2014;18:39:47;6,69;9,54
13.03.2014;18:37:46;6,66;9,71
14.03.2014;18:39:54;7,1;9,94
17.03.2014;18:38:59;6,1;9,55
18.03.2014;18:39:51;5,88;9,44
19.03.2014;18:38:38;6,16;9,47
20.03.2014;18:39:34;6,82;9,59
21.03.2014;18:35:24;6,79;9,73
24.03.2014;18:38:56;6,91;9,63
25.03.2014;18:37:06;6,61;9,35
26.03.2014;18:39:57;6,35;9,25
27.03.2014;18:38:06;6,59;9,33
28.03.2014;18:39:34;6,36;9,3
31.03.2014;18:38:14;6,3;9,09
01.04.2014;18:39:19;6,54;9,1
02.04.2014;18:39:29;6,18;9,12
03.04.2014;18:37:17;6,18;9,08
04.04.2014;18:37:48;5,91;8,95
07.04.2014;18:39:52;6,14;9,11
08.04.2014;18:39:53;6,09;8,99
09.04.2014;18:37:20;6,42;9,04
10.04.2014;18:38:54;6,59;9,13
11.04.2014;18:39:53;6,63;9,21
14.04.2014;18:37:50;6,53;9,26
15.04.2014;18:39:48;6,39;9,35
16.04.2014;18:39:45;6,61;9,42
17.04.2014;18:38:49;6,68;9,47
18.04.2014;18:38:59;6,58;9,32
21.04.2014;18:38:00;6,72;9,38
22.04.2014;18:36:36;6,6;9,39
23.04.2014;18:39:58;6,86;9,5
24.04.2014;18:38:47;6,86;9,64
25.04.2014;18:37:30;7,25;9,98
28.04.2014;18:39:25;7,18;9,95
29.04.2014;18:38:29;6,81;9,81
30.04.2014;18:35:19;6,81;9,77
02.05.2014;11:36:32;7,06;9,83
05.05.2014;18:33:29;7,25;9,91
06.05.2014;18:39:35;7,07;9,76
07.05.2014;18:39:38;7,23;9,54
08.05.2014;18:39:08;7,31;9,33
12.05.2014;18:35:36;7,41;9,24
13.05.2014;18:39:37;7,53;9,24
14.05.2014;18:35:40;7,36;9,12
15.05.2014;18:38:56;6,98;8,98
16.05.2014;18:33:18;6,89;8,96
19.05.2014;18:39:38;6,88;8,95
20.05.2014;18:39:40;7,14;8,86
21.05.2014;18:39:31;6,76;8,8
22.05.2014;18:39:10;6,82;8,85
23.05.2014;18:38:13;6,53;8,75
26.05.2014;18:38:47;6,48;8,7
27.05.2014;18:38:40;7,16;8,8
28.05.2014;18:39:38;6,89;8,86
29.05.2014;18:39:43;7,04;8,84
30.05.2014;18:39:11;7,18;8,8
02.06.2014;18:35:07;6,96;8,63
03.06.2014;18:32:06;7,31;8,7
04.06.2014;18:30:44;7,33;8,63
05.06.2014;18:39:31;7,39;8,57
06.06.2014;18:38:31;7,3;8,52
09.06.2014;18:39:35;7,35;8,49
10.06.2014;18:38:04;7,53;8,62
11.06.2014;18:38:43;7,73;8,68
16.06.2014;18:32:02;7,66;8,83
17.06.2014;18:38:35;7,78;8,9
18.06.2014;18:39:56;7,77;8,86
19.06.2014;18:37:24;7,77;8,83
20.06.2014;18:38:22;7,75;8,87
23.06.2014;18:39:12;7,79;8,85
24.06.2014;18:39:18;7,72;8,75
25.06.2014;18:38:19;7,64;8,71
26.06.2014;18:39:42;7,64;8,69
27.06.2014;18:36:36;7,71;8,7
30.06.2014;18:39:51;7,65;8,74
01.07.2014;18:39:53;7,64;8,81
02.07.2014;18:32:38;7,54;8,73
03.07.2014;18:34:02;7,43;8,74
04.07.2014;18:37:56;7,33;8,75
07.07.2014;18:35:43;7,27;8,61
08.07.2014;18:38:04;7,2;8,55
09.07.2014;18:39:47;7,26;8,55
10.07.2014;18:39:35;7,42;8,62
11.07.2014;18:39:54;7,51;8,64
14.07.2014;18:36:31;7,55;8,72
15.07.2014;18:39:39;7,66;8,74
16.07.2014;18:39:39;7,87;8,85
17.07.2014;18:39:33;7,91;9,05
18.07.2014;18:39:40;7,95;9,07
21.07.2014;18:39:36;8,14;9,33
22.07.2014;18:39:53;7,93;9,17
23.07.2014;18:39:50;7,98;9,13
24.07.2014;18:36:54;7,86;9,15
25.07.2014;18:39:53;7,93;9,29
28.07.2014;18:39:25;8,15;9,39
29.07.2014;18:39:44;8,36;9,54
30.07.2014;18:36:05;8,5;9,53
31.07.2014;18:39:00;8,33;9,54
01.08.2014;18:39:52;8,15;9,61
04.08.2014;18:38:42;8,18;9,68
05.08.2014;18:37:24;8,1;9,74
06.08.2014;18:38:33;8,13;9,91
07.08.2014;18:36:18;8,14;9,92
08.08.2014;18:38:25;7,85;9,91
11.08.2014;18:39:20;7,77;9,7
12.08.2014;18:39:50;7,73;9,59
13.08.2014;18:39:36;7,91;9,57
14.08.2014;18:39:04;7,84;9,46
15.08.2014;18:39:04;8,12;9,38
18.08.2014;18:29:18;7,97;9,38
19.08.2014;18:38:11;8,14;9,45
20.08.2014;18:39:19;7,97;9,39
21.08.2014;18:39:39;7,96;9,38
22.08.2014;18:39:41;7,62;9,39
25.08.2014;18:39:02;7,5;9,38
26.08.2014;18:39:58;7,54;9,41
27.08.2014;18:39:01;7,67;9,43
28.08.2014;18:38:43;7,98;9,69
29.08.2014;18:39:56;8,4;9,77
01.09.2014;18:39:37;8,38;9,82
02.09.2014;18:39:35;8,03;9,8
03.09.2014;18:39:57;7,67;9,5
04.09.2014;18:36:46;7,88;9,48
05.09.2014;18:39:03;7,78;9,45
08.09.2014;18:37:48;7,95;9,54
09.09.2014;18:39:25;7,99;9,5
10.09.2014;18:38:42;8,11;9,65
11.09.2014;18:36:28;7,92;9,66
12.09.2014;18:38:15;7,93;9,61
15.09.2014;18:37:25;8,1;9,64
16.09.2014;18:37:37;8;9,59
17.09.2014;18:39:39;7,87;9,52
18.09.2014;18:39:01;8,04;9,51
19.09.2014;18:39:42;8,02;9,49
22.09.2014;18:32:23;8,17;9,55
23.09.2014;18:38:33;8,13;9,44
24.09.2014;18:38:51;8,17;9,26
25.09.2014;18:38:54;8,21;9,14
26.09.2014;18:39:09;8,27;9,17
29.09.2014;18:39:02;8,13;9,23
30.09.2014;18:39:26;8,26;9,24
01.10.2014;18:38:04;8,19;9,24
02.10.2014;18:39:55;8,13;9,23
03.10.2014;18:39:13;8,05;9,36
06.10.2014;18:33:09;8,2;9,43
07.10.2014;18:39:19;8,36;9,5
08.10.2014;18:39:59;8,4;9,6
09.10.2014;18:39:40;8,31;9,58
10.10.2014;18:39:44;8,32;9,75
13.10.2014;18:39:16;8,36;9,79
14.10.2014;18:38:25;8,23;9,81
15.10.2014;18:38:22;8,2;9,78
16.10.2014;18:39:44;8,1;9,84
17.10.2014;18:39:56;8,05;9,85
20.10.2014;18:38:23;8,07;9,81
21.10.2014;18:36:02;8,02;9,71
22.10.2014;18:39:55;8,1;9,68
23.10.2014;18:37:30;8,24;9,82
24.10.2014;18:39:45;8;9,77
27.10.2014;18:38:22;8,03;9,77
28.10.2014;18:39:59;8,26;9,81
29.10.2014;18:38:02;8,82;9,97
30.10.2014;18:39:38;9,13;9,74
31.10.2014;18:39:06;8,77;9,84
03.11.2014;17:49:36;8,74;9,86
05.11.2014;18:38:36;9,37;9,84
06.11.2014;18:39:58;8,94;9,77
07.11.2014;18:38:31;9,19;9,89
10.11.2014;18:39:01;8,9;9,92
11.11.2014;18:39:45;9,14;9,98
12.11.2014;18:39:49;9,32;9,91
13.11.2014;18:37:18;9,38;9,91
14.11.2014;18:39:26;9,5;9,94
17.11.2014;18:38:30;9,46;9,96
18.11.2014;18:39:38;9,6;9,93
19.11.2014;18:36:04;9,69;9,92
20.11.2014;18:37:30;9,61;9,85
21.11.2014;18:39:19;9,44;9,83
24.11.2014;18:36:04;9,71;9,86
25.11.2014;18:38:05;9,81;9,87
26.11.2014;18:39:44;9,9;9,92
27.11.2014;18:39:14;9,99;9,98
28.11.2014;18:39:00;9,79;10,04
01.12.2014;18:39:15;10,32;10,18
02.12.2014;18:38:26;10,15;10,21
03.12.2014;18:39:07;10,33;10,37
04.12.2014;18:39:15;10,36;10,11
05.12.2014;18:39:18;10,35;11,19
08.12.2014;18:39:27;11,11;11,91
09.12.2014;18:38:00;11,28;12,02
10.12.2014;18:39:07;11,23;11,91
11.12.2014;18:37:41;11,01;11,91
12.12.2014;18:39:56;11,16;12,28
15.12.2014;18:37:52;11,3;12,28
16.12.2014;18:39:34;17,4;14,65
17.12.2014;18:34:53;13,51;11,62
18.12.2014;18:36:03;14,44;11,09
19.12.2014;18:39:42;15,3;11,06
22.12.2014;18:39:45;14,91;10,27
23.12.2014;18:39:00;15,28;10,23
24.12.2014;18:39:33;15,45;10,38
25.12.2014;18:39:27;14,86;10,27
26.12.2014;18:37:39;14,47;10,19
29.12.2014;18:35:22;13,57;10,2
30.12.2014;18:39:56;12,74;10,23
05.01.2015;15:52:47;13,54;10,3
06.01.2015;18:39:19;13,6;10,76
08.01.2015;18:38:33;14,12;10,79
09.01.2015;18:38:26;14,33;10,9
12.01.2015;18:34:05;16,09;11,62
13.01.2015;18:39:47;16,13;11,84
14.01.2015;18:39:32;15,3;11,4
15.01.2015;18:35:20;14,04;10,93
16.01.2015;18:32:07;13,99;10,48
19.01.2015;18:37:11;14,18;10,58
20.01.2015;18:38:14;14,94;10,8
21.01.2015;18:39:44;14,7;10,63
22.01.2015;18:39:15;14,59;10,32
23.01.2015;18:38:29;14,43;10,31
26.01.2015;18:38:31;15,17;10,69
27.01.2015;18:39:56;15,13;10,57
28.01.2015;18:39:05;15,05;10,73
29.01.2015;18:17:50;14,87;10,77
30.01.2015;18:39:28;13,94;10,39
02.02.2015;18:39:58;13,57;10,09
03.02.2015;18:39:08;13,29;9,91
04.02.2015;18:39:54;13,1;10,08
05.02.2015;18:37:32;12,77;9,87
06.02.2015;18:39:04;12,43;9,88
09.02.2015;18:39:02;12,26;9,75
10.02.2015;18:38:39;12,36;9,98
11.02.2015;18:39:04;12,41;9,94
12.02.2015;18:39:32;12,4;9,84
13.02.2015;18:39:09;12,23;9,58
16.02.2015;18:39:43;11,88;9,47
17.02.2015;18:39:45;11,9;9,61
18.02.2015;18:39:19;11,65;9,7
19.02.2015;18:39:50;12,1;9,92
20.02.2015;18:39:38;12,58;10,05
24.02.2015;18:38:05;13,24;10,33
25.02.2015;18:39:00;13,51;10,23
26.02.2015;18:39:33;13,56;10,09
27.02.2015;18:39:59;13,59;10,21
02.03.2015;18:36:17;13,54;10,15
03.03.2015;18:32:29;12,41;9,9
04.03.2015;18:39:19;12,77;10,19
05.03.2015;18:39:51;12,66;10,19
06.03.2015;18:39:34;12,11;10,2
10.03.2015;18:39:52;12,77;10,42
11.03.2015;18:39:53;12,95;10,47
12.03.2015;18:37:13;12,53;10,32
13.03.2015;18:38:57;12,59;10,56
16.03.2015;18:39:23;12,63;10,97
17.03.2015;18:37:39;12,9;11,24
18.03.2015;18:39:53;12,85;11,21
19.03.2015;18:36:46;12,64;11,04
20.03.2015;18:38:49;12,48;10,76
23.03.2015;18:00:06;12,52;10,61
24.03.2015;18:27:50;12,57;10,69
25.03.2015;18:37:14;11,87;10,42
26.03.2015;18:27:37;11,66;10,25
27.03.2015;18:38:01;11,71;10,22
30.03.2015;17:45:31;12,17;10,24
31.03.2015;18:38:36;12,15;10,45
01.04.2015;18:39:41;12,14;9,92
02.04.2015;18:39:06;12,09;9,94
03.04.2015;18:36:37;12,04;9,73
06.04.2015;18:38:32;12,06;9,67
07.04.2015;18:39:15;12,14;9,59
08.04.2015;18:34:01;12,09;9,58
09.04.2015;18:39:58;11,83;9,45
10.04.2015;18:38:52;11,45;9,44
13.04.2015;18:39:43;11,65;9,34
14.04.2015;18:39:26;11,66;9,23
15.04.2015;18:39:21;11,43;8,9
16.04.2015;18:38:05;11,45;8,83
17.04.2015;18:39:07;11,91;9,1
20.04.2015;18:39:11;12,03;9,21
21.04.2015;18:38:57;11,84;9,18
22.04.2015;18:38:10;11,77;9,14
23.04.2015;18:39:41;11,53;9,14
24.04.2015;18:38:56;11,56;9,13
27.04.2015;18:39:26;11,69;9,22
28.04.2015;18:33:15;11,35;9,17
29.04.2015;18:39:24;11,18;9,15
30.04.2015;18:38:35;10,53;9,09
05.05.2015;18:39:40;10,41;9,07
06.05.2015;18:38:43;10,38;8,99
07.05.2015;18:39:42;10,22;9,09
08.05.2015;18:33:09;10,06;9,18
12.05.2015;18:28:06;10,22;9,28
13.05.2015;18:33:12;10,03;9,22
14.05.2015;18:36:26;10,23;9,27
15.05.2015;18:38:40;10,38;9,3
18.05.2015;18:37:07;10,18;9,21
19.05.2015;18:39:14;10,4;9,28
20.05.2015;18:34:44;10,59;9,26
21.05.2015;18:28:05;10,38;9,08
22.05.2015;18:39:32;10,27;9,03
25.05.2015;18:37:54;10,24;9,07
26.05.2015;18:39:50;10,44;9,14
27.05.2015;18:33:30;10,44;9,13
28.05.2015;18:39:03;10,47;9,28
29.05.2015;18:37:11;10,19;9,18
01.06.2015;18:38:45;10,46;9,23
02.06.2015;18:33:19;10,5;9,22
03.06.2015;18:39:27;10,57;9,23
04.06.2015;18:37:36;10,69;9,45
05.06.2015;18:31:03;10,45;9,59
08.06.2015;18:38:32;10,58;9,54
09.06.2015;18:38:21;10,34;9,4
10.06.2015;18:35:41;10,22;9,14
11.06.2015;18:36:34;10,15;9,19
15.06.2015;18:39:24;10,24;9,22
16.06.2015;18:39:13;10,59;9,31
17.06.2015;18:34:51;10,48;9,35
18.06.2015;18:39:21;10,15;9,28
19.06.2015;18:33:26;10,22;9,3
22.06.2015;18:34:29;10,14;9,27
23.06.2015;18:39:46;10,22;9,19
24.06.2015;18:33:32;10,22;9,13
25.06.2015;18:37:29;10,14;9,19
26.06.2015;18:39:01;10,29;9,25
29.06.2015;18:38:07;10,34;9,46
30.06.2015;18:38:57;10,12;9,37
01.07.2015;18:37:29;10,14;9,33
02.07.2015;18:38:20;10,01;9,28
03.07.2015;18:39:17;9,83;9,13
06.07.2015;18:39:32;10,37;10,21
07.07.2015;18:39:18;10,18;11,03
08.07.2015;18:39:51;9,95;9,36
09.07.2015;18:39:36;9,88;9,26
10.07.2015;18:39:07;9,77;9,12
13.07.2015;18:39:46;9,6;9,01
14.07.2015;18:39:07;9,55;8,91
15.07.2015;18:39:24;9,49;8,91
16.07.2015;18:33:29;9,2;8,59
17.07.2015;18:39:18;9,48;8,69
20.07.2015;18:37:17;9,35;8,66
21.07.2015;18:38:55;9,15;8,64
22.07.2015;18:38:27;9,12;8,7
23.07.2015;18:39:47;9,3;8,86
24.07.2015;18:39:28;9,29;8,95
27.07.2015;18:38:11;9,48;9,33
28.07.2015;18:39:28;9,5;9,32
29.07.2015;18:39:20;9,04;8,98
30.07.2015;18:39:47;9,17;9,09
31.07.2015;18:38:53;9,09;9,11
03.08.2015;18:39:56;9,41;9,35
04.08.2015;18:39:28;9,25;9,23
05.08.2015;18:37:56;9,22;9,2
06.08.2015;18:39:37;9,29;9,4
07.08.2015;18:39:40;9,48;9,51
10.08.2015;18:39:13;9,37;9,5
11.08.2015;18:38:02;9,47;9,61
12.08.2015;18:37:32;9,38;9,56
13.08.2015;18:39:46;9,41;9,62
14.08.2015;18:38:43;9,55;9,61
17.08.2015;18:39:25;9,84;9,73
18.08.2015;18:38:44;9,84;9,66
19.08.2015;18:39:50;10,04;9,75
20.08.2015;18:39:28;10,13;9,87
21.08.2015;18:39:26;10,53;10,35
24.08.2015;18:34:47;10,11;10,5
25.08.2015;18:34:53;9,9;10,33
26.08.2015;18:38:10;9,75;10,52
27.08.2015;18:39:51;9,48;10,67
28.08.2015;18:38:06;9,44;10,85
31.08.2015;18:39:54;9,88;10,92
01.09.2015;18:39:39;9,71;10,9
02.09.2015;18:39:26;9,57;11,05
03.09.2015;18:39:04;9,52;11,03
04.09.2015;18:39:46;9,39;11,14
07.09.2015;18:39:49;9,41;11,2
08.09.2015;18:39:22;9,52;11,17
09.09.2015;18:39:35;9,38;11,14
10.09.2015;18:38:40;9,47;11,13
11.09.2015;18:39:52;9,46;11,12
14.09.2015;18:37:00;9,41;11,11
15.09.2015;18:36:43;9,34;11,04
16.09.2015;18:24:15;9,3;11
17.09.2015;18:30:08;9,26;10,98
18.09.2015;18:37:29;9,41;10,97
21.09.2015;18:39:52;9,28;10,9
22.09.2015;18:38:52;9,28;10,94
23.09.2015;18:39:15;9,29;10,89
24.09.2015;18:14:56;9,31;11,02
25.09.2015;18:24:03;9,34;10,97
28.09.2015;18:31:51;9,39;11
29.09.2015;18:32:09;9,4;10,99
30.09.2015;18:37:15;9,24;10,96
01.10.2015;18:33:30;9,1;10,84
02.10.2015;18:33:33;9,27;10,93
05.10.2015;18:38:50;8,85;10,76
06.10.2015;18:37:51;9,05;10,55
07.10.2015;17:45:46;8,86;10,44
08.10.2015;18:38:30;8,98;10,41
09.10.2015;18:38:48;8,71;10,29
12.10.2015;18:34:13;8,69;10,32
13.10.2015;18:17:27;9,07;10,4
14.10.2015;18:38:31;9,13;10,37
15.10.2015;18:39:51;8,96;10,24
16.10.2015;18:20:20;8,49;10,01
19.10.2015;18:33:26;8,78;10,06
20.10.2015;18:33:18;8,71;10,09
21.10.2015;18:39:51;8,79;10,05
22.10.2015;18:37:51;8,84;10,03
23.10.2015;18:39:06;8,82;9,95
26.10.2015;18:33:12;8,96;9,97
27.10.2015;18:37:03;9,18;10,05
28.10.2015;18:39:33;8,97;9,96
29.10.2015;18:39:17;8,95;9,99
30.10.2015;18:35:37;8,98;10,03
02.11.2015;18:28:56;8,98;9,98
03.11.2015;18:24:29;8,72;9,75
05.11.2015;18:36:16;8,92;9,67
06.11.2015;18:39:00;8,95;9,7
09.11.2015;18:39:08;8,93;9,69
10.11.2015;18:38:30;8,9;9,67
11.11.2015;18:38:29;8,87;9,61
12.11.2015;18:04:21;9,23;9,77
13.11.2015;18:33:13;9,18;9,85
16.11.2015;18:39:09;9,11;9,85
17.11.2015;18:39:58;8,97;9,79
18.11.2015;18:38:49;8,98;9,71
19.11.2015;18:39:31;8,82;9,53
20.11.2015;18:38:16;9,01;9,5
23.11.2015;18:35:10;8,8;9,62
24.11.2015;18:29:20;9,37;9,82
25.11.2015;18:17:15;9,55;9,84
26.11.2015;18:39:30;9,02;9,73
27.11.2015;18:39:14;9,35;9,8
30.11.2015;18:39:16;8,93;9,73
01.12.2015;18:39:58;9,31;9,73
02.12.2015;18:39:09;9,01;9,72
03.12.2015;18:39:03;8,99;9,75
04.12.2015;18:33:06;9;9,7
07.12.2015;18:39:55;9,16;9,82
08.12.2015;18:33:23;9,32;9,87
09.12.2015;18:39:10;9,49;9,84
10.12.2015;18:35:22;9,6;9,83
11.12.2015;18:39:01;9,79;9,89
14.12.2015;18:31:13;9,94;9,97
15.12.2015;18:39:58;9,94;9,66
16.12.2015;18:38:57;9,51;9,47
17.12.2015;18:39:03;9,73;9,48
18.12.2015;18:38:11;9,79;9,46
21.12.2015;18:37:48;9,79;9,46
22.12.2015;18:39:18;9,88;9,55
23.12.2015;18:39:21;9,71;9,51
24.12.2015;18:35:54;9,69;9,46
25.12.2015;18:38:56;9,55;9,48
28.12.2015;18:39:54;9,47;9,41
29.12.2015;18:39:50;9,37;9,41
30.12.2015;18:39:50;9,05;9,4
04.01.2016;18:38:18;8,77;9,34
05.01.2016;18:39:52;8,63;9,39
06.01.2016;18:30:27;8,65;9,44
11.01.2016;18:39:51;9,67;9,92
12.01.2016;18:39:51;9,7;10,1
13.01.2016;18:39:33;9,67;10,12
14.01.2016;18:39:49;9,54;10,3
15.01.2016;18:39:54;9,42;10,49
18.01.2016;18:39:53;9,43;10,55
19.01.2016;18:39:56;9,32;10,45
20.01.2016;18:39:57;9,38;10,8
21.01.2016;18:39:23;9,29;10,85
22.01.2016;18:39:51;8,91;10,51
25.01.2016;18:39:46;9;10,55
26.01.2016;18:39:51;8,86;10,45
27.01.2016;18:39:44;8,96;10,25
28.01.2016;18:39:35;8,84;10,09
29.01.2016;18:39:32;8,91;10,16
01.02.2016;18:38:47;9,03;10,26
02.02.2016;18:39:33;8,95;10,35
03.02.2016;18:39:26;8,87;10,27
04.02.2016;18:36:19;8,98;10,11
05.02.2016;18:36:45;9,01;10,11
08.02.2016;18:39:02;8,93;10,2
09.02.2016;18:39:41;8,98;10,29
10.02.2016;18:39:50;8,93;10,17
11.02.2016;18:39:01;8,94;10,22
12.02.2016;18:39:18;9,01;10,19
15.02.2016;18:38:47;8,92;10,08
16.02.2016;18:39:49;9;10,1
17.02.2016;18:39:34;9,17;10,06
18.02.2016;18:39:32;8,94;9,9
19.02.2016;18:39:52;8,99;9,91
20.02.2016;18:20:42;8,82;9,9
22.02.2016;18:38:38;8,79;9,85
24.02.2016;18:39:51;9,23;9,82
25.02.2016;18:39:24;9,38;9,62
26.02.2016;18:37:30;9,4;9,52
29.02.2016;18:39:59;9,15;9,49
01.03.2016;18:37:01;9,04;9,27
02.03.2016;18:37:23;9,12;9,27
03.03.2016;18:39:52;9,05;9,22
04.03.2016;18:37:23;9,08;9,14
07.03.2016;18:39:41;9,32;9,14
09.03.2016;18:39:00;9,29;9,14
10.03.2016;18:39:34;9,37;9,17
11.03.2016;18:39:07;9,35;9,21
14.03.2016;18:25:10;9,4;9,31
15.03.2016;18:39:36;9,36;9,42
16.03.2016;18:34:51;9,38;9,39
17.03.2016;18:39:53;9,36;9,12
18.03.2016;18:39:51;9,29;8,92
21.03.2016;18:39:56;9,42;8,97
22.03.2016;18:39:24;9,48;8,94
23.03.2016;18:39:40;9,67;9,12
24.03.2016;18:35:53;9,66;9,2
25.03.2016;18:38:44;9,67;9,11
28.03.2016;18:33:26;9,59;9,09
29.03.2016;18:37:20;9,78;9,16
30.03.2016;18:38:17;9,77;9,03
31.03.2016;18:39:52;9,85;8,98
01.04.2016;18:39:17;9,76;9
04.04.2016;18:39:55;9,73;9,01
05.04.2016;18:39:40;9,91;9,11
06.04.2016;18:39:55;9,9;9,1
07.04.2016;18:39:57;9,84;9,21
08.04.2016;18:39:49;9,78;9,12
11.04.2016;18:39:33;9,8;9,11
12.04.2016;18:36:58;9,81;9,09
13.04.2016;18:39:49;9,86;9,14
14.04.2016;18:37:20;9,99;9,17
15.04.2016;18:37:53;9,93;9,16
18.04.2016;18:39:18;10,01;9,19
19.04.2016;18:39:49;9,92;9,12
20.04.2016;18:39:56;9,91;9,08
21.04.2016;18:39:45;10,01;9,1
22.04.2016;18:39:57;10,09;9,14
25.04.2016;18:38:58;10,12;9,18
26.04.2016;18:39:47;10,14;9,19
27.04.2016;18:39:43;10,19;9,16
28.04.2016;18:39:54;9,99;8,97
29.04.2016;18:39:47;9,89;8,71
04.05.2016;18:39:56;9,95;8,82
05.05.2016;18:39:58;9,72;8,79
06.05.2016;18:39:50;9,64;8,76
10.05.2016;18:39:12;9,63;8,75
11.05.2016;18:39:47;9,62;8,66
12.05.2016;18:38:09;9,37;8,6
13.05.2016;18:39:58;9,44;8,62
16.05.2016;18:39:14;9,43;8,57
17.05.2016;18:38:52;9,45;8,59
18.05.2016;18:39:00;9,55;8,61
19.05.2016;18:39:52;9,56;8,66
20.05.2016;18:39:45;9,57;8,59
23.05.2016;18:39:45;9,53;8,62
24.05.2016;18:39:44;9,59;8,6
25.05.2016;18:38:05;9,61;8,52
26.05.2016;18:39:45;9,63;8,52
27.05.2016;18:39:53;9,74;8,57
30.05.2016;18:39:49;9,87;8,65
31.05.2016;18:39:43;10,03;8,62
01.06.2016;18:39:47;10,13;8,79
02.06.2016;18:39:56;10,13;8,86
03.06.2016;18:39:44;10,23;8,7
06.06.2016;18:39:44;10,16;8,49
07.06.2016;18:39:52;10,08;8,31
08.06.2016;18:39:56;10,13;8,33
09.06.2016;18:39:48;10,12;8,42
10.06.2016;18:39:23;9,96;8,28
14.06.2016;18:39:49;9,97;8,42
15.06.2016;18:38:56;10,26;8,52
16.06.2016;18:39:52;10,2;8,6
17.06.2016;18:39:20;10,39;8,51
20.06.2016;18:39:51;10,3;8,42
21.06.2016;18:39:56;10,19;8,4
22.06.2016;18:39:48;10,13;8,35
23.06.2016;18:39:57;10,45;8,43
24.06.2016;18:39:18;10,5;8,52
27.06.2016;18:39:58;10,18;8,44
28.06.2016;18:39:40;10,15;8,38
29.06.2016;18:39:59;10,06;8,39
30.06.2016;18:39:55;10,06;8,29
01.07.2016;18:39:49;10,14;8,36
04.07.2016;18:39:56;10,11;8,39
05.07.2016;18:39:57;10,13;8,56
06.07.2016;18:39:28;10,05;8,5
07.07.2016;18:39:56;9,92;8,39
08.07.2016;18:39:53;9,89;8,53
11.07.2016;18:39:52;9,89;8,56
12.07.2016;18:39:59;9,94;8,66
13.07.2016;18:39:01;9,97;8,73
14.07.2016;18:39:56;10,08;8,78
15.07.2016;18:39:36;10,07;8,8
18.07.2016;18:39:55;10,09;8,89
19.07.2016;18:39:58;9,98;8,85
20.07.2016;18:39:49;9,98;8,88
21.07.2016;18:39:29;9,98;8,89
22.07.2016;18:39:55;10;8,93
25.07.2016;18:39:47;9,99;8,93
26.07.2016;18:39:55;9,96;8,99
27.07.2016;18:39:56;9,95;8,9
28.07.2016;18:39:47;9,91;8,88
29.07.2016;18:39:57;9,85;8,76
01.08.2016;18:39:36;9,82;8,67
02.08.2016;18:39:59;9,81;8,67
03.08.2016;18:39:56;9,62;8,66
04.08.2016;18:39:51;9,51;8,67
05.08.2016;18:39:57;9,46;8,59
08.08.2016;18:39:53;9,5;8,5
09.08.2016;18:39:54;9,54;8,49
10.08.2016;18:39:57;9,53;8,55
11.08.2016;18:39:55;9,54;8,55
12.08.2016;18:39:52;9,58;8,66
15.08.2016;18:39:32;9,55;8,58
16.08.2016;18:39:47;9,51;8,55
17.08.2016;18:39:47;9,55;8,58
18.08.2016;18:39:55;9,58;8,6
19.08.2016;18:39:56;9,5;8,66
22.08.2016;18:39:54;9,47;8,66
23.08.2016;18:39:59;9,52;8,61
24.08.2016;18:39:57;9,5;8,67
25.08.2016;18:39:43;9,41;8,6
26.08.2016;18:39:21;9,26;8,59
29.08.2016;18:39:56;9,25;8,6
30.08.2016;18:39:55;9,24;8,61
31.08.2016;18:39:50;9,18;8,59
01.09.2016;18:39:46;9,14;8,65
02.09.2016;18:39:53;9,21;8,68
05.09.2016;18:39:44;9,31;8,71
06.09.2016;18:39:58;9,4;8,69
07.09.2016;18:39:58;9,37;8,66
08.09.2016;18:39:52;9,45;8,61
09.09.2016;18:39:38;9,39;8,74
12.09.2016;18:39:52;9,36;8,71
13.09.2016;18:39:59;9,27;8,7
14.09.2016;18:39:48;9,23;8,7
15.09.2016;18:38:51;9,26;8,66
16.09.2016;18:38:55;9,49;8,71
19.09.2016;18:39:49;9,5;8,66
20.09.2016;18:39:37;9,54;8,65
21.09.2016;18:39:34;9,53;8,59
22.09.2016;18:38:52;9,65;8,48
23.09.2016;18:39:39;9,8;8,33
26.09.2016;18:39:08;9,73;8,25
27.09.2016;18:39:45;9,78;8,26
28.09.2016;18:39:23;9,73;8,21
29.09.2016;18:38:44;9,68;8,15
30.09.2016;18:39:58;9,71;8,15
03.10.2016;18:39:29;9,76;8,1
04.10.2016;18:39:43;9,74;8,11
05.10.2016;18:39:27;9,79;8,17
06.10.2016;18:38:53;9,7;8,21
07.10.2016;18:39:55;9,96;8,23
10.10.2016;18:39:00;9,74;8,28
11.10.2016;18:39:47;9,81;8,31
12.10.2016;18:38:55;9,8;8,39
13.10.2016;18:39:58;9,9;8,39
14.10.2016;18:39:59;9,92;8,38
17.10.2016;18:39:58;9,97;8,61
18.10.2016;18:39:58;9,8;8,59
19.10.2016;18:39:58;9,77;8,48
20.10.2016;18:39:58;9,8;8,46
21.10.2016;18:39:58;9,91;8,39
24.10.2016;18:39:58;9,85;8,42
25.10.2016;18:37:23;9,87;8,47
26.10.2016;18:39:58;9,64;8,51
27.10.2016;18:39:59;9,56;8,59
28.10.2016;18:39:50;9,61;8,64
31.10.2016;18:39:12;9,84;8,7
01.11.2016;18:39:58;9,93;8,69
02.11.2016;18:39:59;9,93;8,76
03.11.2016;18:39:58;10,03;8,71
07.11.2016;18:39:58;9,93;8,58
08.11.2016;18:39:58;9,91;8,54
09.11.2016;18:39:58;9,62;8,57
10.11.2016;18:39:56;9,68;8,74
11.11.2016;18:39:57;9,66;9,03
14.11.2016;18:39:56;9,31;8,98
15.11.2016;18:39:58;9,38;8,84
16.11.2016;18:39:53;9,39;8,95
17.11.2016;18:39:56;9,26;8,87
18.11.2016;18:39:50;9,25;8,88
21.11.2016;18:39:58;9,3;8,81
22.11.2016;18:39:39;9,23;8,87
23.11.2016;18:39:57;9,29;8,92
24.11.2016;18:39:57;9,27;8,91
25.11.2016;18:39:58;9,17;9,04
28.11.2016;18:39:58;9,14;9,02
29.11.2016;18:39:48;9,09;9,04
30.11.2016;18:39:48;9,1;9,02
01.12.2016;18:39:59;9,16;8,88
02.12.2016;18:39:57;9,12;8,9
05.12.2016;18:39:52;9,12;8,87
06.12.2016;18:39:56;9,13;8,79
07.12.2016;18:39:55;9,12;8,74
08.12.2016;18:39:59;9,11;8,67
09.12.2016;18:39:36;9,1;8,6
12.12.2016;18:38:33;9,07;8,56
13.12.2016;18:39:52;9,05;8,67
14.12.2016;18:39:57;8,98;8,68
15.12.2016;18:39:40;8,94;8,87
16.12.2016;18:39:54;8,72;8,82
19.12.2016;18:39:55;8,9;8,76
20.12.2016;18:39:47;8,86;8,83
21.12.2016;18:39:53;8,84;8,8
22.12.2016;18:39:58;8,88;8,79
23.12.2016;18:39:56;8,83;8,8
26.12.2016;18:39:58;8,9;8,84
27.12.2016;18:39:58;8,83;8,93
28.12.2016;18:39:58;8,63;8,87
29.12.2016;18:39:58;8,5;8,82
30.12.2016;18:39:50;8,34;8,95
03.01.2017;18:39:59;8,46;9,09
04.01.2017;18:38:36;8,41;9,12
05.01.2017;18:39:36;8,5;9,09
06.01.2017;18:39:35;8,34;9,06
09.01.2017;18:39:58;8,67;8,9
10.01.2017;18:39:28;8,46;8,83
11.01.2017;18:39:52;8,61;8,87
12.01.2017;18:39:58;8,64;8,77
13.01.2017;18:39:47;8,62;8,82
16.01.2017;18:39:49;8,57;8,87
17.01.2017;18:39:52;8,6;8,8
18.01.2017;18:38:53;8,6;8,79
19.01.2017;18:39:58;8,58;8,67
20.01.2017;18:39:56;8,78;8,99
23.01.2017;18:39:59;8,76;9,12
24.01.2017;18:39:59;8,84;9,14
25.01.2017;18:39:56;8,88;9,23
26.01.2017;18:39:55;9,07;9,11
27.01.2017;18:39:50;9,07;8,97
30.01.2017;18:39:30;9,14;9,05
31.01.2017;18:39:58;9,19;8,97
01.02.2017;18:39:45;9,31;8,98
02.02.2017;18:39:51;9,23;8,77
03.02.2017;18:39:52;9,27;8,81
06.02.2017;18:39:59;9,32;8,72
07.02.2017;18:39:56;9,34;8,67
08.02.2017;18:39:49;9,36;8,58
09.02.2017;18:39:58;9,4;8,63
10.02.2017;18:39:59;9,38;8,61
13.02.2017;18:39:59;9,43;8,56
14.02.2017;17:17:14;9,41;8,58
15.02.2017;18:39:36;9,57;8,55
16.02.2017;18:39:58;9,49;8,58
17.02.2017;18:39:58;9,62;8,53
20.02.2017;18:39:51;9,55;8,43
21.02.2017;18:39:58;9,6;8,4
22.02.2017;18:39:57;9,68;8,44
24.02.2017;18:39:53;9,53;8,48
27.02.2017;18:39:55;9,72;8,44
28.02.2017;18:39:53;9,8;8,47
01.03.2017;18:39:53;9,82;8,41
02.03.2017;18:39:58;9,67;8,41
03.03.2017;18:39:57;9,64;8,49
06.03.2017;18:39:59;9,7;8,28
07.03.2017;18:38:38;9,66;8,23
09.03.2017;18:39:40;9,68;8,4
10.03.2017;18:39:59;9,67;8,4
13.03.2017;18:39:58;9,64;8,35
14.03.2017;18:39:57;9,71;8,3
15.03.2017;18:39:38;9,69;8,37
16.03.2017;18:39:59;9,64;8,32
17.03.2017;18:39:48;9,65;8,33
20.03.2017;18:37:01;9,67;8,25
21.03.2017;18:39:56;9,62;8,25
22.03.2017;18:39:15;9,73;8,24
23.03.2017;18:39:38;9,69;8,28
24.03.2017;18:39:36;9,64;8,2
27.03.2017;18:39:49;9,7;8,14
28.03.2017;18:39:58;9,68;8,21
29.03.2017;18:39:56;9,56;8,23
30.03.2017;18:39:58;9,44;8,26
31.03.2017;18:39:45;9,53;8,32
03.04.2017;18:39:49;9,43;8,38
04.04.2017;18:39:57;9,46;8,32
05.04.2017;18:39:58;9,49;8,33
06.04.2017;18:39:56;9,46;8,26
07.04.2017;18:39:59;9,37;8,34
10.04.2017;18:36:57;9,42;8,38
11.04.2017;18:39:48;9,28;8,41
12.04.2017;18:39:36;9,23;8,38
13.04.2017;18:39:44;9,13;8,32
14.04.2017;18:39:48;9,12;8,32
17.04.2017;18:39:53;9,02;8,3
18.04.2017;18:39:58;9;8,3
19.04.2017;18:39:55;8,91;8,35
20.04.2017;18:39:56;8,75;8,29
21.04.2017;18:39:57;8,62;8,47
24.04.2017;18:39:54;8,36;8,59
25.04.2017;18:39:57;8,46;8,73
26.04.2017;18:39:00;8,42;8,76
27.04.2017;18:39:41;8,41;8,75
28.04.2017;18:39:48;8,5;8,75
02.05.2017;18:39:54;8,58;8,77
03.05.2017;18:39:58;8,54;8,82
04.05.2017;18:39:43;8,55;8,96
05.05.2017;18:39:51;8,67;8,97
10.05.2017;18:39:52;8,56;8,96
11.05.2017;18:39:01;8,41;8,97
12.05.2017;18:39:53;8,41;8,85
15.05.2017;18:39:45;8,47;8,95
16.05.2017;18:39:57;8,45;8,93
17.05.2017;18:39:58;8,46;8,94
18.05.2017;18:39:55;8,46;8,87
19.05.2017;18:39:39;8,49;8,87
22.05.2017;18:39:54;8,45;8,84
23.05.2017;18:39:33;8,52;8,89
24.05.2017;18:39:42;8,51;8,83
25.05.2017;18:39:50;8,51;8,87
26.05.2017;18:39:52;8,54;8,88
29.05.2017;18:39:58;8,48;8,89
30.05.2017;18:39:38;8,5;8,87
31.05.2017;18:39:19;8,56;8,87
01.06.2017;18:39:55;8,47;8,87
02.06.2017;18:39:56;8,45;8,89
05.06.2017;18:39:54;8,46;8,98
06.06.2017;18:39:52;8,31;9
07.06.2017;18:39:54;8,2;8,99
08.06.2017;18:39:53;8,13;8,96
09.06.2017;18:39:24;8,14;8,9
13.06.2017;18:39:55;8,11;8,89
14.06.2017;18:39:38;8,07;8,92
15.06.2017;18:39:48;8,14;9,02
16.06.2017;18:39:58;8,14;9,07
19.06.2017;18:39:44;8,12;9,13
20.06.2017;18:39:39;8,07;9,12
21.06.2017;18:39:44;8,05;9,01
22.06.2017;18:39:54;7,99;8,92
23.06.2017;18:39:54;8;8,72
26.06.2017;18:39:54;7,9;8,81
27.06.2017;18:39:58;7,94;8,83
28.06.2017;18:39:59;7,92;8,92
29.06.2017;18:39:52;7,97;8,89
30.06.2017;18:39:55;8,11;8,82
03.07.2017;18:39:18;8,13;8,84
04.07.2017;18:39:46;8,14;8,85
05.07.2017;18:39:59;8,19;8,91
06.07.2017;18:39:47;8,22;8,89
07.07.2017;18:39:59;8,22;8,94
10.07.2017;18:39:59;8,14;8,88
11.07.2017;18:39:58;8,16;8,9
12.07.2017;18:39:58;8,14;8,84
13.07.2017;18:38:26;8,13;8,79
14.07.2017;18:38:56;8,13;8,81
17.07.2017;18:39:44;8,1;8,85
18.07.2017;18:39:48;8,1;8,92
19.07.2017;18:39:27;8,08;8,95
20.07.2017;18:39:59;8,11;8,95
21.07.2017;18:39:48;8,07;8,99
24.07.2017;18:39:58;8,07;9
25.07.2017;18:39:34;8,06;8,9
26.07.2017;18:39:44;8,02;8,92
27.07.2017;18:39:52;8,08;8,84
28.07.2017;18:39:36;8,07;8,82
31.07.2017;18:39:57;8,07;8,77
01.08.2017;18:39:24;8,05;8,78
02.08.2017;18:39:52;8,02;8,79
03.08.2017;18:39:54;8,04;8,69
04.08.2017;18:39:27;7,98;8,66
07.08.2017;18:39:51;7,97;8,75
08.08.2017;18:39:59;7,99;8,8
09.08.2017;18:39:59;7,98;8,84
10.08.2017;18:39:55;7,94;8,79
11.08.2017;18:39:59;7,9;8,78
14.08.2017;18:39:59;7,87;8,8
15.08.2017;18:39:58;7,84;8,79
16.08.2017;18:39:50;7,89;8,77
17.08.2017;18:39:59;7,89;8,78
18.08.2017;18:39:56;7,84;8,81
21.08.2017;18:39:52;7,87;8,87
22.08.2017;18:39:59;7,87;8,9
23.08.2017;18:39:53;7,87;8,93
24.08.2017;18:39:59;7,92;8,98
25.08.2017;18:39:51;7,86;9,04
28.08.2017;18:39:54;7,87;9,03
29.08.2017;18:39:48;7,9;8,97
30.08.2017;18:39:54;7,88;8,92
31.08.2017;18:39:50;7,88;8,93
01.09.2017;18:39:58;7,85;8,91
04.09.2017;18:39:59;7,86;8,88
05.09.2017;18:39:59;7,89;8,92
06.09.2017;18:39:30;7,85;8,9
07.09.2017;18:39:59;7,74;8,98
08.09.2017;18:39:50;7,74;8,95
11.09.2017;18:39:23;7,72;8,98
12.09.2017;18:39:17;7,72;8,99
13.09.2017;18:39:55;7,68;8,96
14.09.2017;18:39:55;7,69;8,97
15.09.2017;18:39:48;7,62;8,95
18.09.2017;18:39:47;7,65;9,02
19.09.2017;18:39:18;7,66;9,01
20.09.2017;18:39:49;7,65;9,02
21.09.2017;18:39:59;7,6;9,04
22.09.2017;18:39:48;7,56;9,02
25.09.2017;18:39:59;7,61;9,08
26.09.2017;18:39:57;7,67;9,02
27.09.2017;18:39:52;7,7;9,03
28.09.2017;18:39:56;7,73;8,86
29.09.2017;18:39:55;7,72;8,89
02.10.2017;18:39:59;7,69;8,98
03.10.2017;18:39:46;7,66;8,94
04.10.2017;18:39:59;7,67;8,94
05.10.2017;18:39:32;7,65;8,94
06.10.2017;18:39:54;7,74;8,96
09.10.2017;18:39:59;7,66;9
10.10.2017;18:39:48;7,7;9,02
11.10.2017;18:39:50;7,74;9,07
12.10.2017;18:39:34;7,77;9,09
13.10.2017;18:39:59;7,59;9,14
16.10.2017;18:39:57;7,6;9,13
17.10.2017;18:39:52;7,57;9,07
18.10.2017;18:39:56;7,52;9,03
19.10.2017;18:39:59;7,5;8,96
20.10.2017;18:39:58;7,5;8,99
23.10.2017;18:39:59;7,54;8,92
24.10.2017;18:39:56;7,58;8,93
25.10.2017;18:39:47;7,57;8,94
26.10.2017;18:39:53;7,62;8,91
27.10.2017;18:39:53;7,62;8,94
30.10.2017;18:39:37;7,66;8,85
31.10.2017;18:39:38;7,65;8,89
01.11.2017;18:39:59;7,57;8,9
02.11.2017;18:39:59;7,62;8,94
03.11.2017;18:39:59;7,57;9
07.11.2017;18:39:59;7,54;8,96
08.11.2017;18:39:59;7,59;8,93
09.11.2017;18:39:58;7,49;8,89
10.11.2017;18:39:58;7,51;8,87
13.11.2017;18:39:53;7,44;8,94
14.11.2017;18:39:55;7,43;8,95
15.11.2017;18:39:54;7,46;8,89
16.11.2017;18:39:53;7,37;8,83
17.11.2017;18:39:32;7,39;8,83
20.11.2017;18:39:59;7,36;8,85
21.11.2017;18:39:57;7,32;8,87
22.11.2017;18:39:47;7,31;8,86
23.11.2017;18:39:38;7,29;8,88
24.11.2017;18:38:16;7,28;8,89
27.11.2017;18:39:43;7,26;8,88
28.11.2017;18:39:44;7,2;8,89
29.11.2017;18:39:50;7,21;8,9
30.11.2017;18:39:59;7,23;8,88
01.12.2017;18:39:48;7,17;8,9
04.12.2017;18:39:37;7,17;8,93
05.12.2017;18:39:37;7,16;8,9
06.12.2017;18:37:10;7,15;8,92
07.12.2017;18:39:40;7,16;8,94
08.12.2017;18:39:59;7,12;8,96
11.12.2017;18:39:54;7,13;8,94
12.12.2017;18:39:56;7,09;8,93
13.12.2017;18:39:59;7,05;8,94
14.12.2017;18:39:59;7,08;8,95
15.12.2017;18:39:59;6,9;8,98
18.12.2017;18:39:52;6,94;9,03
19.12.2017;18:38:58;6,91;9,12
20.12.2017;18:39:58;6,89;9,11
21.12.2017;18:39:55;6,83;9,1
22.12.2017;18:39:39;6,78;9,24
25.12.2017;18:39:53;6,69;9,25
26.12.2017;18:39:56;6,71;9,27
27.12.2017;18:39:54;6,49;9,32
28.12.2017;18:39:53;6,18;9,57
29.12.2017;18:39:55;6,46;9,28
03.01.2018;18:39:57;6,16;9,25
04.01.2018;18:39:58;5,79;9,23
05.01.2018;18:39:56;6,41;9,14
09.01.2018;18:39:58;6,37;9,04
10.01.2018;18:39:59;6,39;9,09
11.01.2018;18:39:59;6,39;9
12.01.2018;18:39:59;6,54;9,01
15.01.2018;18:39:59;6,64;8,79
16.01.2018;18:39:59;6,62;8,81
17.01.2018;18:39:58;6,68;8,84
18.01.2018;18:39:51;6,61;8,84
19.01.2018;18:39:57;6,64;8,79
22.01.2018;18:39:59;6,64;8,86
23.01.2018;18:39:44;6,64;8,82
24.01.2018;18:39:59;6,64;8,75
25.01.2018;18:39:55;6,64;8,81
26.01.2018;18:39:53;6,66;8,77
29.01.2018;18:39:59;6,73;8,74
30.01.2018;18:39:55;6,68;8,69
31.01.2018;18:39:59;6,7;8,58
01.02.2018;18:39:51;6,67;8,47
02.02.2018;18:39:57;6,64;8,48
05.02.2018;18:39:43;6,66;8,4
06.02.2018;18:39:57;6,66;8,44
07.02.2018;18:39:54;6,64;8,35
08.02.2018;18:39:42;6,62;8,38
09.02.2018;18:39:58;6,59;8,46
12.02.2018;18:39:50;6,53;8,52
13.02.2018;18:39:55;6,44;8,62
14.02.2018;18:39:59;6,28;8,66
15.02.2018;18:39:55;6,28;8,7
16.02.2018;18:39:50;6,27;8,61
19.02.2018;18:39:57;6,32;8,58
20.02.2018;18:39:56;6,28;8,62
21.02.2018;18:39:49;6,23;8,61
22.02.2018;18:39:54;6,23;8,64
26.02.2018;18:39:52;6,14;8,67
27.02.2018;18:39:56;6,23;8,67
28.02.2018;18:39:59;6,14;8,61
01.03.2018;18:39:59;6,2;8,72
02.03.2018;18:39:58;6,17;8,74
05.03.2018;18:39:51;6,14;8,73
06.03.2018;18:39:31;6,16;8,73
07.03.2018;18:39:57;6,08;8,66
09.03.2018;18:39:56;5,99;8,62
12.03.2018;18:39:54;6,07;8,75
13.03.2018;18:39:58;6,02;8,76
14.03.2018;18:39:55;6,04;8,74
15.03.2018;18:39:46;6,06;8,8
16.03.2018;18:39:58;6,07;8,8
19.03.2018;18:39:57;6,03;8,85
20.03.2018;18:39:49;5,99;8,79
21.03.2018;18:39:55;5,97;8,73
22.03.2018;18:39:59;5,97;8,68
23.03.2018;18:39:58;6,02;8,55
26.03.2018;18:39:59;6,06;8,58
27.03.2018;18:39:49;6,12;8,56
28.03.2018;18:39:59;6,1;8,58
29.03.2018;18:39:58;6,01;8,6
30.03.2018;18:39:59;5,99;8,64
02.04.2018;18:39:59;6;8,63
03.04.2018;18:39:37;6,03;8,66
04.04.2018;18:39:56;6,07;8,61
05.04.2018;18:39:36;6,15;8,53
06.04.2018;18:39:58;6,15;8,58
09.04.2018;18:39:57;6,62;8,65
10.04.2018;18:39:52;6,94;8,75
11.04.2018;18:39:58;6,73;8,68
12.04.2018;18:39:52;6,62;8,68
13.04.2018;18:39:50;6,79;8,61
16.04.2018;18:39:58;6,69;8,59
17.04.2018;18:39:57;6,55;8,59
18.04.2018;18:39:52;6,59;8,51
19.04.2018;18:39:36;6,55;8,46
20.04.2018;18:39:59;6,53;8,45
23.04.2018;18:39:57;6,48;8,59
24.04.2018;18:39:39;6,41;8,5
25.04.2018;18:39:48;6,42;8,56
26.04.2018;18:39:57;6,4;8,65
27.04.2018;18:39:57;6,35;8,57
28.04.2018;18:39:30;6,27;8,58
30.04.2018;18:39:47;6,22;8,58
02.05.2018;18:39:56;6,34;8,53
03.05.2018;18:39:47;6,44;8,62
04.05.2018;18:39:59;6,35;8,62
07.05.2018;18:39:52;6,28;8,74
08.05.2018;18:39:59;6,33;8,71
10.05.2018;18:39:42;6,31;8,66
11.05.2018;18:39:29;6,31;8,66
14.05.2018;18:39:53;6,37;8,69
15.05.2018;18:39:57;6,56;8,48
16.05.2018;18:39:59;6,5;8,47
17.05.2018;18:39:52;6,5;8,43
18.05.2018;18:39:53;6,46;8,5
21.05.2018;18:39:42;6,53;8,5
22.05.2018;18:39:42;6,45;8,44
23.05.2018;18:39:55;6,51;8,44
24.05.2018;18:39:55;6,55;8,35
25.05.2018;18:39:56;6,49;8,4
28.05.2018;18:39:57;6,52;8,32
29.05.2018;18:39:44;6,51;8,4
30.05.2018;18:39:58;6,47;8,4
31.05.2018;18:39:59;6,5;8,45
01.06.2018;18:39:59;6,5;8,43
04.06.2018;18:39:51;6,53;8,37
05.06.2018;18:39:59;6,53;8,4
06.06.2018;18:39:58;6,53;8,43
07.06.2018;18:39:47;6,66;8,37
08.06.2018;18:39:59;6,62;8,37
09.06.2018;18:39:35;6,59;8,3
11.06.2018;18:39:59;6,63;8,11
13.06.2018;18:39:58;6,6;8,15
14.06.2018;18:39:42;6,59;8,12
15.06.2018;18:39:58;6,67;8,11
18.06.2018;18:39:57;6,74;7,94
19.06.2018;18:39:48;6,88;7,91
20.06.2018;18:39:56;6,79;7,77
21.06.2018;18:39:55;6,75;7,68
22.06.2018;18:39:59;6,79;7,68
25.06.2018;18:39:58;6,76;7,68
26.06.2018;18:39:55;6,77;7,77
27.06.2018;18:39:58;6,76;7,86
28.06.2018;18:39:54;6,69;7,83
29.06.2018;18:39:55;6,62;7,81
02.07.2018;18:39:52;6,63;7,82
03.07.2018;18:39:00;6,63;7,89
04.07.2018;18:39:45;6,58;7,89
05.07.2018;18:39:59;6,6;7,9
06.07.2018;18:39:42;6,59;7,94
09.07.2018;18:39:55;6,55;7,89
10.07.2018;18:39:52;6,61;7,95
11.07.2018;18:39:56;6,61;7,96
12.07.2018;18:39:59;6,62;7,96
13.07.2018;18:39:59;6,59;7,94
16.07.2018;18:39:59;6,62;7,98
17.07.2018;18:39:38;6,62;7,95
18.07.2018;18:39:53;6,74;7,99
19.07.2018;18:39:59;6,82;8,16
20.07.2018;18:39:43;6,8;8,17
23.07.2018;18:39:56;6,87;8,17
24.07.2018;18:39:57;6,76;8,17
25.07.2018;18:39:57;6,93;8,2
26.07.2018;18:39:53;6,96;8,26
27.07.2018;18:39:54;6,93;8,18
30.07.2018;18:39:59;6,9;8,12
31.07.2018;18:39:59;6,95;8,07
01.08.2018;18:39:59;6,94;8,09
02.08.2018;18:39:59;6,94;8,09
03.08.2018;18:39:58;6,88;8,04
06.08.2018;18:39:55;6,88;8,07
07.08.2018;18:39:59;6,86;8,09
08.08.2018;18:39:57;7,08;8,31
09.08.2018;18:39:59;7,2;8,4
10.08.2018;18:39:56;7,13;8,45
13.08.2018;18:39:59;7,24;8,49
14.08.2018;18:39:52;7,24;8,46
15.08.2018;18:39:56;7,32;8,56
16.08.2018;18:39:57;7,2;8,63
17.08.2018;18:39:56;7,16;8,76
20.08.2018;18:39:56;7,04;8,74
21.08.2018;18:39:56;7,03;8,68
22.08.2018;18:39:53;7,01;8,71
23.08.2018;18:39:24;7,14;8,77
24.08.2018;18:39:59;7,13;8,77
27.08.2018;18:39:56;7,1;8,75
28.08.2018;18:39:58;7,09;8,76
29.08.2018;18:39:51;7,18;8,8
30.08.2018;18:39:56;7,04;8,82
31.08.2018;18:39:57;6,96;8,72
03.09.2018;18:39:58;6,93;8,75
04.09.2018;18:39:54;7,05;8,85
05.09.2018;18:39:52;7,11;8,89
06.09.2018;18:39:51;7,2;9,11
07.09.2018;18:39:58;7,27;9,06
10.09.2018;18:39:38;7,3;9,1
11.09.2018;18:39:47;7,14;9
12.09.2018;18:39:57;7,28;8,88
13.09.2018;18:39:57;7,28;8,94
14.09.2018;18:39:47;7,3;8,95
17.09.2018;18:39:55;7,25;8,89
18.09.2018;18:39:57;7,31;8,91
19.09.2018;18:39:54;7,34;8,81
20.09.2018;18:39:57;7,24;8,72
21.09.2018;18:39:54;7,24;8,72
24.09.2018;18:39:58;7,12;8,53
25.09.2018;18:39:57;7,09;8,59
26.09.2018;18:39:59;7,06;8,62
27.09.2018;18:39:30;7,03;8,58
28.09.2018;18:39:59;7,02;8,62
01.10.2018;18:39:59;7,09;8,55
02.10.2018;18:39:59;7,12;8,49
03.10.2018;18:39:59;7,09;8,54
04.10.2018;18:39:50;7,12;8,71
05.10.2018;18:39:46;7,1;8,73
08.10.2018;18:39:58;7,12;8,83
09.10.2018;18:39:57;7,09;8,9
10.10.2018;18:39:59;7,05;8,86
11.10.2018;18:39:56;7,08;8,89
12.10.2018;18:39:55;7,05;8,77
15.10.2018;18:39:59;7,11;8,62
16.10.2018;18:39:50;7,13;8,49
17.10.2018;18:39:48;7,07;8,5
18.10.2018;18:39:51;7,14;8,57
19.10.2018;18:39:58;7,15;8,54
22.10.2018;18:39:57;7,21;8,5
23.10.2018;18:39:56;7,32;8,54
24.10.2018;18:39:48;7,42;8,66
25.10.2018;18:39:57;7,42;8,67
26.10.2018;18:39:35;7,42;8,73
29.10.2018;18:39:59;7,44;8,7
30.10.2018;18:39:59;7,4;8,71
31.10.2018;18:39:56;7,4;8,68
01.11.2018;18:39:56;7,38;8,7
02.11.2018;18:39:59;7,35;8,69
06.11.2018;18:39:59;7,41;8,74
07.11.2018;18:39:52;7,44;8,87
08.11.2018;18:39:56;7,43;8,95
09.11.2018;18:39:55;7,43;9,07
12.11.2018;18:39:48;7,4;9,08
13.11.2018;18:39:49;7,44;9,09
14.11.2018;18:39:52;7,32;8,76
15.11.2018;18:39:57;7,31;8,86
16.11.2018;18:39:58;7,31;8,86
19.11.2018;18:39:53;7,3;8,87
20.11.2018;18:39:49;7,28;8,95
21.11.2018;18:39:58;7,37;8,89
22.11.2018;18:39:56;7,41;8,91
23.11.2018;18:39:57;7,37;9,02
26.11.2018;18:39:50;7,37;9,15
27.11.2018;18:39:59;7,39;9,09
28.11.2018;18:39:58;7,41;9,08
29.11.2018;18:39:59;7,38;8,93
30.11.2018;18:39:57;7,55;8,94
03.12.2018;18:39:59;7,49;8,82
04.12.2018;18:39:59;7,48;8,79
05.12.2018;18:39:50;7,51;8,9
06.12.2018;18:39:47;7,47;8,87
07.12.2018;18:39:58;7,49;8,84
10.12.2018;18:39:54;7,53;8,84
11.12.2018;18:39:57;7,51;8,79
12.12.2018;18:39:57;7,47;8,81
13.12.2018;18:39:49;7,56;8,85
14.12.2018;18:39:29;7,62;8,89
17.12.2018;18:39:55;7,62;8,92
18.12.2018;18:39:57;7,66;9,01
19.12.2018;18:39:57;7,64;9,02
20.12.2018;18:39:57;7,64;8,91
21.12.2018;18:39:56;7,68;8,94
24.12.2018;18:39:59;7,59;8,97
25.12.2018;18:39:41;7,46;9,04
26.12.2018;18:39:59;7,2;9,04
27.12.2018;18:39:55;7,34;8,97
28.12.2018;18:39:58;7,18;8,95
29.12.2018;18:39:58;7,12;8,88
03.01.2019;18:39:34;6,96;8,84
04.01.2019;18:39:47;7,03;8,86
08.01.2019;18:39:53;7,18;9,02
09.01.2019;18:39:58;7,41;8,63
10.01.2019;18:39:47;7,45;8,58
11.01.2019;18:39:42;7,5;8,53
14.01.2019;18:39:46;7,43;8,6
15.01.2019;18:39:57;7,35;8,48
16.01.2019;18:39:56;7,34;8,41
17.01.2019;18:39:12;7,35;8,44
18.01.2019;18:39:59;7,39;8,39
21.01.2019;18:39:32;7,42;8,37
22.01.2019;18:39:16;7,44;8,4
23.01.2019;18:39:45;7,41;8,4
24.01.2019;18:39:59;7,44;8,34
25.01.2019;18:39:51;7,51;8,33
28.01.2019;18:39:59;7,5;8,38
29.01.2019;18:39:56;7,71;8,42
30.01.2019;18:39:59;7,57;8,46
31.01.2019;18:39:52;7,62;8,3
01.02.2019;18:39:59;7,65;8,38
04.02.2019;18:39:52;7,68;8,44
05.02.2019;18:39:58;7,64;8,41
06.02.2019;18:39:56;7,62;8,52
07.02.2019;18:39:52;7,61;8,57
08.02.2019;18:39:50;7,65;8,59
11.02.2019;18:39:59;7,63;8,63
12.02.2019;18:39:22;7,65;8,69
13.02.2019;18:39:59;7,65;8,77
14.02.2019;18:39:45;7,79;8,88
15.02.2019;18:39:54;7,8;8,76
18.02.2019;18:39:59;7,69;8,81
19.02.2019;18:39:33;7,59;8,91
20.02.2019;18:39:57;7,49;8,92
21.02.2019;18:39:59;7,52;8,88
22.02.2019;18:39:43;7,56;8,86
25.02.2019;18:39:59;7,54;8,81
26.02.2019;18:39:59;7,55;8,85
27.02.2019;18:39:58;7,37;8,91
28.02.2019;18:39:44;7,31;8,66
01.03.2019;18:39:51;7,16;8,53
04.03.2019;18:39:59;7,09;8,56
05.03.2019;18:39:54;7,12;8,6
06.03.2019;18:39:59;7,06;8,65
07.03.2019;18:39:56;7,14;8,67
11.03.2019;18:39:59;7,15;8,64
12.03.2019;18:39:58;7,15;8,63
13.03.2019;18:39:59;7,21;8,67
14.03.2019;18:39:43;7,22;8,72
15.03.2019;18:39:52;7,1;8,66
18.03.2019;18:39:55;7,12;8,54
19.03.2019;18:39:59;7,14;8,59
20.03.2019;18:39:59;7,13;8,57
21.03.2019;18:39:59;7,26;8,51
22.03.2019;18:39:51;7,12;8,55
25.03.2019;18:39:57;7,3;8,49
26.03.2019;18:39:02;7,32;8,55
27.03.2019;18:39:58;7,33;8,64
28.03.2019;18:39:58;7,43;8,75
29.03.2019;18:39:59;7,35;8,85
01.04.2019;18:39:53;7,41;8,82
02.04.2019;18:39:56;7,4;8,78
03.04.2019;18:39:58;7,45;8,76
04.04.2019;18:39:54;7,57;8,8
05.04.2019;18:39:47;7,62;8,77
08.04.2019;18:39:57;7,59;8,78
09.04.2019;18:39:32;7,57;8,81
10.04.2019;18:39:57;7,52;8,74
11.04.2019;18:39:58;7,53;8,72
12.04.2019;18:39:52;7,58;8,77
15.04.2019;18:39:45;7,51;8,87
16.04.2019;18:39:59;7,59;8,88
17.04.2019;18:39:58;7,61;8,99
18.04.2019;18:39:57;7,58;9,04
19.04.2019;18:39:56;7,56;9,05
22.04.2019;18:39:20;7,65;9,07
23.04.2019;18:39:59;7,61;9,12
24.04.2019;18:39:58;7,56;9,07
25.04.2019;18:39:53;7,57;9,11
26.04.2019;18:39:56;7,46;9,07
29.04.2019;18:39:56;7,38;8,97
30.04.2019;18:39:59;7,32;8,91
02.05.2019;18:39:55;7,24;8,88
03.05.2019;18:38:29;7,23;8,86
06.05.2019;18:39:57;7,31;8,75
07.05.2019;18:39:56;7,21;8,65
08.05.2019;18:39:59;7,23;8,58
10.05.2019;18:39:58;7,22;8,63
13.05.2019;18:39:55;7,25;8,66
14.05.2019;18:39:47;7,24;8,69
15.05.2019;18:39:57;7,18;8,69
16.05.2019;18:39:57;7,12;8,57
17.05.2019;18:39:56;6,92;8,46
20.05.2019;18:39:58;6,89;8,36
21.05.2019;18:39:58;6,94;8,32
22.05.2019;18:39:58;7;8,28
23.05.2019;18:39:42;7,06;8,33
24.05.2019;18:39:56;7,07;8,34
27.05.2019;18:39:57;7,13;8,32
28.05.2019;18:39:58;7,11;8,35
29.05.2019;18:39:59;7,3;8,45
30.05.2019;18:39:58;7,25;8,41
31.05.2019;18:39:56;7,3;8,44
03.06.2019;18:39:57;7,3;8,46
04.06.2019;18:36:20;7,35;8,37
05.06.2019;18:39:23;7,34;8,31
06.06.2019;18:39:58;7,35;8,27
07.06.2019;18:39:48;7,33;8,22
10.06.2019;18:39:56;7,3;8,17
11.06.2019;18:39:56;7,31;8,12
13.06.2019;18:39:38;7,26;8,16
14.06.2019;18:39:32;7,22;8,08
17.06.2019;18:39:52;7,12;8
18.06.2019;18:39:59;7,04;7,83
19.06.2019;18:39:50;7,08;7,75
20.06.2019;18:39:55;7;7,67
21.06.2019;18:39:52;7;7,76
24.06.2019;18:39:51;6,99;7,7
25.06.2019;18:39:40;7,03;7,71
26.06.2019;18:39:47;6,99;7,71
27.06.2019;18:39:58;6,96;7,65
28.06.2019;18:39:55;6,93;7,62
01.07.2019;18:39:58;6,99;7,61
02.07.2019;18:37:27;6,92;7,64
03.07.2019;18:39:56;6,93;7,67
04.07.2019;18:39:58;6,96;7,63
05.07.2019;18:39:56;6,94;7,63
08.07.2019;18:39:56;6,95;7,68
09.07.2019;18:39:45;6,97;7,71
10.07.2019;18:39:50;6,97;7,72
11.07.2019;18:39:53;6,96;7,71
12.07.2019;18:39:53;6,96;7,75
15.07.2019;18:39:56;6,91;7,76
16.07.2019;18:39:03;6,92;7,77
17.07.2019;18:39:12;6,93;7,76
18.07.2019;18:39:22;6,93;7,84
19.07.2019;18:39:42;6,92;7,77
22.07.2019;18:39:51;6,91;7,73
23.07.2019;18:39:55;6,86;7,74
24.07.2019;18:39:48;6,85;7,77
25.07.2019;18:39:55;6,77;7,79
26.07.2019;18:39:55;6,8;7,91
29.07.2019;18:39:55;6,65;7,96
30.07.2019;18:39:55;6,7;8,02
31.07.2019;18:39:54;6,66;8
01.08.2019;18:39:39;6,63;8,04
02.08.2019;18:39:59;6,64;8,13
05.08.2019;18:39:41;6,75;8,01
06.08.2019;18:39:12;6,79;7,99
07.08.2019;18:39:40;6,76;7,97
08.08.2019;18:39:58;6,76;7,91
09.08.2019;18:39:54;6,7;7,93
12.08.2019;18:39:52;6,71;7,94
13.08.2019;18:39:28;6,77;7,91
14.08.2019;18:39:54;6,75;7,92
15.08.2019;18:39:56;6,77;7,94
16.08.2019;18:39:58;6,76;7,91
19.08.2019;18:39:41;6,73;7,94
20.08.2019;18:39:44;6,77;7,91
21.08.2019;18:39:45;6,71;7,84
22.08.2019;18:39:44;6,76;7,82
23.08.2019;18:39:33;6,75;7,85
26.08.2019;18:39:42;6,74;7,86
27.08.2019;18:39:44;6,79;7,91
28.08.2019;18:39:42;6,77;7,89
29.08.2019;18:39:49;6,75;7,89
30.08.2019;18:39:36;6,69;7,88
02.09.2019;18:39:53;6,67;7,91
03.09.2019;18:39:56;6,74;7,95
04.09.2019;18:39:23;6,7;7,92
05.09.2019;18:39:52;6,72;7,97
06.09.2019;18:39:51;6,66;7,99
09.09.2019;18:39:49;6,65;7,99
10.09.2019;18:39:55;6,75;8,02
11.09.2019;18:39:55;6,68;8,01
12.09.2019;18:39:59;6,68;7,99
13.09.2019;18:39:59;6,66;8,02
16.09.2019;18:39:50;6,74;8,01
17.09.2019;18:39:27;6,76;8,03
18.09.2019;18:39:49;6,67;7,99
19.09.2019;18:39:33;6,67;7,97
20.09.2019;18:39:53;6,57;7,97
23.09.2019;18:39:55;6,61;7,97
24.09.2019;18:39:52;6,56;7,98
25.09.2019;18:39:56;6,49;7,99
26.09.2019;18:39:53;6,58;8
27.09.2019;18:39:51;6,49;7,99
30.09.2019;18:39:50;6,56;8,02
01.10.2019;18:37:37;6,53;8,02
02.10.2019;18:39:48;6,45;8,02
03.10.2019;18:39:50;6,46;8
04.10.2019;18:39:55;6,4;7,94
07.10.2019;18:39:54;6,43;7,87
08.10.2019;18:39:46;6,48;7,91
09.10.2019;18:39:29;6,4;7,89
10.10.2019;18:39:58;6,32;7,82
11.10.2019;18:39:56;6,34;7,77
14.10.2019;18:39:50;6,27;7,74
15.10.2019;18:39:56;6,33;7,58
16.10.2019;18:39:30;6,3;7,55
17.10.2019;18:39:58;6,26;7,48
18.10.2019;18:39:25;6,07;7,41
21.10.2019;18:39:46;6,08;7,33
22.10.2019;18:39:55;6,06;7,26
23.10.2019;18:39:53;6,08;7,22
24.10.2019;18:39:51;6,08;7,22
25.10.2019;18:39:55;6;7,1
28.10.2019;18:39:55;5,96;7,08
29.10.2019;18:39:56;5,96;7,06
30.10.2019;18:39:15;5,94;7,09
31.10.2019;18:39:49;5,97;7,14
01.11.2019;18:39:36;5,89;7,06
05.11.2019;18:39:54;5,85;7,06
06.11.2019;18:39:58;5,77;7,05
07.11.2019;18:39:50;5,75;7,04
08.11.2019;18:39:59;5,74;7,04
11.11.2019;18:39:58;5,84;7,08
12.11.2019;18:39:58;5,95;7,04
13.11.2019;18:39:00;5,92;7
14.11.2019;18:39:41;6,01;6,95
15.11.2019;18:39:56;5,91;6,93
18.11.2019;18:39:59;5,94;6,94
19.11.2019;18:39:52;5,99;6,87
20.11.2019;18:39:45;6,08;6,79
21.11.2019;18:39:55;6,12;6,78
22.11.2019;18:39:50;6,03;6,81
25.11.2019;18:39:56;5,97;6,82
26.11.2019;18:39:40;6,1;6,87
27.11.2019;18:39:58;6,05;6,89
28.11.2019;18:39:57;6,03;6,92
29.11.2019;18:39:48;6;6,92
02.12.2019;18:39:50;5,94;6,95
03.12.2019;18:39:54;5,9;6,91
04.12.2019;18:39:56;5,89;6,9
05.12.2019;18:39:54;5,89;6,91
06.12.2019;18:39:43;5,82;6,91
09.12.2019;18:39:48;5,77;6,91
10.12.2019;18:39:57;5,86;6,89
11.12.2019;18:39:53;5,8;6,92
12.12.2019;18:39:59;5,71;6,89
13.12.2019;18:39:48;5,64;6,83
16.12.2019;18:39:58;5,64;6,84
17.12.2019;18:39:48;5,68;6,83
18.12.2019;18:39:53;5,62;6,87
19.12.2019;18:39:52;5,53;6,86
20.12.2019;18:39:57;5,45;6,84
23.12.2019;18:39:54;5,45;6,83
24.12.2019;18:39:49;5,39;6,82
25.12.2019;18:39:59;5,32;6,82
26.12.2019;18:39:55;5,31;6,83
27.12.2019;18:39:32;4,98;6,68
30.12.2019;18:39:57;4,79;6,6
03.01.2020;18:39:51;4,97;6,67
06.01.2020;18:39:50;5,03;6,66
08.01.2020;18:38:56;5,15;6,74
09.01.2020;18:39:00;5,45;6,82
10.01.2020;18:39:57;5,46;6,75
13.01.2020;18:39:57;5,47;6,66
14.01.2020;18:39:47;5,4;6,73
15.01.2020;18:39:46;5,36;6,76
16.01.2020;18:39:19;5,41;6,75
17.01.2020;18:39:49;5,3;6,67
20.01.2020;18:39:46;5,34;6,65
21.01.2020;18:39:40;5,34;6,65
22.01.2020;18:39:52;5,39;6,65
23.01.2020;18:39:51;5,36;6,67
24.01.2020;18:39:54;5,36;6,7
27.01.2020;18:39:59;5,45;6,8
28.01.2020;18:39:55;5,23;6,8
29.01.2020;18:39:47;5,19;6,79
30.01.2020;18:39:59;5,02;6,77
31.01.2020;18:39:47;4,97;6,7
03.02.2020;18:39:56;4,99;6,71
04.02.2020;18:39:55;5,06;6,65
05.02.2020;18:39:55;5;6,58
06.02.2020;18:39:55;5,01;6,62
07.02.2020;18:39:57;4,98;6,59
10.02.2020;18:39:55;5,13;6,66
11.02.2020;18:39:48;5,19;6,67
12.02.2020;18:39:53;5,24;6,7
13.02.2020;18:39:52;5,19;6,72
14.02.2020;18:39:03;5,16;6,73
17.02.2020;18:39:56;5,16;6,75
18.02.2020;18:39:55;5,16;6,74
19.02.2020;18:39:51;5,14;6,72
20.02.2020;18:39:58;5,08;6,66
21.02.2020;18:39:59;4,98;6,66
25.02.2020;18:39:56;5,21;6,78
26.02.2020;18:39:48;5,24;6,8
27.02.2020;18:39:58;5,29;6,88
28.02.2020;18:39:58;5,79;7,04
02.03.2020;18:39:55;5,62;7,01
03.03.2020;18:39:52;5,24;6,82
04.03.2020;18:39:38;5,12;6,69
05.03.2020;18:39:50;5,22;6,88
06.03.2020;18:39:59;5,36;7,15
10.03.2020;18:39:55;6,39;7,72
11.03.2020;18:39:48;6,2;7,88
12.03.2020;18:39:59;6,35;8,32
13.03.2020;18:39:56;6,17;8,2
16.03.2020;18:39:57;6,32;8,31
17.03.2020;18:39:58;6,25;8,3
18.03.2020;18:39:55;6,23;8,73
19.03.2020;18:39:50;6,11;8,49
20.03.2020;18:39:45;5,75;8,05
23.03.2020;18:39:58;5,69;7,94
24.03.2020;18:39:58;5,6;7,39
25.03.2020;18:39:56;5,25;7,36
26.03.2020;18:39:53;5,28;7,28
27.03.2020;18:39:37;5,31;7,28
30.03.2020;18:39:57;5,51;7,17
31.03.2020;18:39:42;5,42;7,04
01.04.2020;18:39:38;5,3;7,07
02.04.2020;18:39:59;5,11;7,11
03.04.2020;18:39:57;5,15;7,09
06.04.2020;18:39:55;5,12;7,04
07.04.2020;18:39:19;5,03;6,98
08.04.2020;18:39:56;5,06;6,93
09.04.2020;18:39:55;5,17;6,95
10.04.2020;18:39:56;5,29;7,02
13.04.2020;18:39:57;5,05;6,93
14.04.2020;18:39:59;5,22;7
15.04.2020;18:39:54;5,55;7,18
16.04.2020;18:39:48;5,47;7,12
17.04.2020;18:39:50;5,38;6,86
20.04.2020;18:39:56;5,34;6,74
21.04.2020;18:39:53;5,4;6,94
22.04.2020;18:39:05;5,37;6,8
23.04.2020;18:39:56;5,27;6,77
24.04.2020;18:39:56;5,11;6,7
27.04.2020;18:39:54;5,14;6,71
28.04.2020;18:39:59;5,15;6,7
29.04.2020;18:39:49;5,04;6,74
30.04.2020;18:39:42;5,05;6,7
04.05.2020;18:39:51;4,92;6,7
05.05.2020;18:39:57;4,82;6,69
06.05.2020;18:39:50;4,99;6,72
07.05.2020;18:39:26;5,07;6,75
08.05.2020;18:39:57;4,82;6,71
12.05.2020;18:39:29;4,82;6,78
13.05.2020;18:39:57;4,84;6,8
14.05.2020;18:39:57;4,98;6,74
15.05.2020;18:39:58;4,84;6,53
18.05.2020;18:39:55;4,87;6,39
19.05.2020;18:39:56;4,88;6,37
20.05.2020;18:39:58;4,86;6,38
21.05.2020;18:39:58;4,82;6,38
22.05.2020;18:39:56;4,78;6,43
25.05.2020;18:39:35;4,7;6,43
26.05.2020;18:39:40;4,69;6,42
27.05.2020;18:39:57;4,67;6,41
28.05.2020;18:39:59;4,53;6,41
29.05.2020;18:39:22;4,34;6,41
01.06.2020;18:39:54;4,26;6,41
02.06.2020;18:39:55;4,21;6,39
03.06.2020;18:39:45;4,17;6,44
04.06.2020;18:39:58;4,17;6,47
05.06.2020;18:39:53;4,01;6,48
08.06.2020;18:39:34;3,93;6,47
09.06.2020;18:39:00;3,93;6,41
10.06.2020;18:39:56;4,03;6,49
11.06.2020;18:39:58;3,98;6,54
15.06.2020;18:39:49;4,11;6,7
16.06.2020;18:39:36;4,01;6,63
17.06.2020;18:39:58;3,94;6,6
18.06.2020;18:39:55;3,91;6,58
19.06.2020;18:39:52;3,86;6,54
22.06.2020;18:39:59;4,08;6,69
23.06.2020;18:39:59;4,07;6,68
25.06.2020;18:39:59;4,12;6,74
26.06.2020;18:39:57;4,1;6,73
29.06.2020;18:39:56;4,09;6,73
30.06.2020;18:39:53;4,09;6,88
02.07.2020;18:39:59;4,07;6,83
03.07.2020;18:39:56;3,89;6,94
06.07.2020;18:39:50;3,94;6,96
07.07.2020;18:39:24;3,84;6,89
08.07.2020;18:39:48;3,84;6,88
09.07.2020;18:39:57;3,8;6,86
10.07.2020;18:39:49;3,88;6,86
13.07.2020;18:39:59;4,01;6,82
14.07.2020;18:39:56;4;6,82
15.07.2020;18:39:57;4,03;6,84
16.07.2020;18:39:55;4,04;6,94
17.07.2020;18:39:20;4,08;6,89
20.07.2020;18:39:59;4,15;6,83
21.07.2020;18:39:47;4,18;6,77
22.07.2020;18:39:32;4,21;6,76
23.07.2020;18:39:55;4,19;6,74
24.07.2020;18:39:59;4,09;6,75
27.07.2020;18:39:57;4,02;6,76
28.07.2020;18:39:59;4,07;6,82
29.07.2020;18:39:42;3,97;6,81
30.07.2020;18:39:59;3,94;6,88
31.07.2020;18:39:52;3,89;6,89
03.08.2020;18:39:58;3,88;6,87
04.08.2020;18:39:57;3,89;6,83
05.08.2020;18:39:37;4,01;6,86
06.08.2020;18:39:50;3,94;6,89
07.08.2020;18:39:57;3,92;6,89
10.08.2020;18:39:54;3,91;6,87
11.08.2020;18:39:47;3,94;6,88
12.08.2020;18:39:30;4,02;6,91
13.08.2020;18:39:24;3,99;6,86
14.08.2020;18:39:56;4,07;6,94
17.08.2020;18:39:50;4,09;7,09
18.08.2020;18:39:55;4,07;7,03
19.08.2020;18:39:30;4,07;6,97
20.08.2020;18:39:45;4,04;7,01
21.08.2020;18:39:59;4,03;7,14
24.08.2020;18:39:02;4,17;7,04
25.08.2020;18:38:52;4,14;7,12
26.08.2020;18:39:56;4,07;7,14
27.08.2020;18:39:56;4,03;7,08
28.08.2020;18:39:28;3,97;7,08
31.08.2020;18:39:59;4,02;7,02
01.09.2020;18:39:18;3,98;6,96
02.09.2020;18:39:55;4,08;7,09
03.09.2020;18:39:59;4,07;7,04
04.09.2020;18:39:58;4,07;7,01
07.09.2020;18:39:35;4,06;7,04
08.09.2020;18:39:51;4;7,12
09.09.2020;18:39:59;3,99;7,03
10.09.2020;18:38:56;3,98;6,98
11.09.2020;18:39:52;3,93;7,03
14.09.2020;18:39:51;3,96;7,03
15.09.2020;18:39:29;3,91;6,99
16.09.2020;18:39:38;4,07;7,02
17.09.2020;18:39:59;4,03;7,02
18.09.2020;18:39:46;3,99;7,01
21.09.2020;18:39:49;4,04;7,13
22.09.2020;18:39:50;4,1;7,1
23.09.2020;18:39:57;4,09;7,1
24.09.2020;18:39:50;4,13;7,16
25.09.2020;18:39:44;4,07;7,11
28.09.2020;18:39:56;4,11;7,15
29.09.2020;18:39:50;4,09;7,12
30.09.2020;18:39:58;4,05;7,06
01.10.2020;18:38:52;4,08;7,05
02.10.2020;18:39:54;4,05;7,05
05.10.2020;18:39:51;3,96;7,03
06.10.2020;18:39:50;4,03;7
07.10.2020;18:39:48;4;6,98
08.10.2020;18:39:50;4,09;6,9
09.10.2020;18:39:57;4,05;6,89
12.10.2020;18:39:48;3,95;6,87
13.10.2020;18:39:56;4,19;6,91
14.10.2020;18:39:58;4,21;6,93
15.10.2020;18:39:56;4,17;6,98
16.10.2020;18:39:57;4,15;6,99
19.10.2020;18:39:55;4,13;6,94
20.10.2020;18:39:55;4,09;6,94
21.10.2020;18:39:40;4,12;6,89
22.10.2020;18:39:49;4,11;6,89
23.10.2020;18:39:57;4,16;6,89
26.10.2020;18:39:52;4,19;6,92
27.10.2020;18:39:44;4,2;6,99
28.10.2020;18:39:50;4,27;7,03
29.10.2020;18:39:49;4,32;7,04
30.10.2020;18:39:58;4,32;7,08
02.11.2020;18:39:28;4,35;7,18
03.11.2020;18:39:28;4,38;7,2
05.11.2020;18:39:53;4,37;6,9
06.11.2020;18:39:00;4,26;6,85
09.11.2020;18:39:59;4,3;6,79
10.11.2020;18:39:56;4,23;6,87
11.11.2020;18:39:55;4,19;6,93
12.11.2020;18:39:54;4,21;6,93
13.11.2020;18:39:36;4,24;6,92
16.11.2020;18:39:52;4,13;6,92
17.11.2020;18:39:56;4,23;6,94
18.11.2020;18:38:38;4,3;6,96
19.11.2020;18:39:45;4,29;6,96
20.11.2020;18:39:56;4,22;6,95
23.11.2020;18:39:44;4,27;6,94
24.11.2020;18:39:58;4,23;6,92
25.11.2020;18:39:54;4,28;6,95
26.11.2020;18:39:55;4,33;6,93
27.11.2020;18:39:53;4,3;6,94
30.11.2020;18:39:53;4,32;6,96
01.12.2020;18:39:52;4,28;6,94
02.12.2020;18:39:50;4,29;6,92
03.12.2020;18:39:58;4,25;6,89
04.12.2020;18:39:53;4,22;6,85
07.12.2020;18:39:56;4,22;6,86
08.12.2020;18:39:52;4,25;6,93
09.12.2020;18:39:54;4,25;6,98
10.12.2020;18:39:50;4,23;6,98
11.12.2020;18:39:52;4,24;6,98
14.12.2020;18:39:54;4,23;7,01
15.12.2020;18:39:09;4,3;7,04
16.12.2020;18:39:55;4,3;7,04
17.12.2020;18:39:58;4,3;7,04
18.12.2020;18:39:57;4,25;7,06
21.12.2020;18:39:56;4,31;7,1
22.12.2020;18:39:55;4,26;7,08
23.12.2020;18:39:55;4,23;7,12
24.12.2020;18:39:50;4,2;7,06
25.12.2020;18:39:59;4,16;6,96
28.12.2020;18:39:54;4,11;7
29.12.2020;18:39:56;3,9;7,07
30.12.2020;18:39:56;3,68;6,96
04.01.2021;18:39:52;4,03;7,08
05.01.2021;18:39:43;3,98;7,06
06.01.2021;18:39:57;3,85;7,03
08.01.2021;18:39:53;3,78;6,92
11.01.2021;18:39:53;4,17;7,07
12.01.2021;18:39:54;4,21;7,05
13.01.2021;18:39:56;4,16;7,07
14.01.2021;18:39:50;4,2;7,13
15.01.2021;18:39:59;4,17;7,22
18.01.2021;18:39:56;4,17;7,22
19.01.2021;18:39:37;4,15;7,23
20.01.2021;18:39:55;4,09;7,17
21.01.2021;18:39:36;4,13;7,18
22.01.2021;18:39:57;4,12;7,29
25.01.2021;18:39:54;4,12;7,27
26.01.2021;18:39:56;4,13;7,24
27.01.2021;18:39:45;4,19;7,26
28.01.2021;18:39:54;4,26;7,3
29.01.2021;18:39:59;4,22;7,26
01.02.2021;18:39:50;4,25;7,24
02.02.2021;18:39:56;4,24;7,35
03.02.2021;18:39:51;4,16;7,39
04.02.2021;18:39:57;4,19;7,41
05.02.2021;18:39:57;4,16;7,32
08.02.2021;18:39:58;4,21;7,26
09.02.2021;18:39:58;4,29;7,28
10.02.2021;18:39:45;4,3;7,33
11.02.2021;18:39:58;4,39;7,4
12.02.2021;18:39:56;4,45;7,45
15.02.2021;18:39:55;4,51;7,51
16.02.2021;18:39:59;4,5;7,61
17.02.2021;18:39:58;4,62;7,56
18.02.2021;18:39:57;4,57;7,46
19.02.2021;18:39:42;4,58;7,52
20.02.2021;18:39:59;4,56;7,51
22.02.2021;18:39:52;4,51;7,5
24.02.2021;18:39:57;4,6;7,51
25.02.2021;18:39:58;4,59;7,54
26.02.2021;18:39:35;4,58;7,54
01.03.2021;18:39:59;4,56;7,46
02.03.2021;18:39:52;4,64;7,41
03.03.2021;18:39:58;4,64;7,31
04.03.2021;18:39:52;4,64;7,2
05.03.2021;18:39:56;4,66;7,29
09.03.2021;18:39:52;4,63;7,3
10.03.2021;18:39:58;4,65;7,38
11.03.2021;18:39:41;4,76;7,36
12.03.2021;18:39:47;4,74;7,39
15.03.2021;18:39:57;4,87;7,4
16.03.2021;18:39:59;4,85;7,36
17.03.2021;18:39:53;4,83;7,44
18.03.2021;18:39:55;4,95;7,55
19.03.2021;18:39:52;4,96;7,57
22.03.2021;18:39:46;5,05;7,63
23.03.2021;18:39:54;5,11;7,67
24.03.2021;18:39:57;5,03;7,64
25.03.2021;18:39:37;4,94;7,56
26.03.2021;18:39:56;4,79;7,45
29.03.2021;18:39:53;4,74;7,43
30.03.2021;18:39:59;4,76;7,56
31.03.2021;18:39:59;4,77;7,53
01.04.2021;18:39:59;4,75;7,55
02.04.2021;18:39:42;4,8;7,55
05.04.2021;18:39:59;4,83;7,57
06.04.2021;18:39:59;4,78;7,64
07.04.2021;18:39:55;4,8;7,72
08.04.2021;18:39:58;4,79;7,68
09.04.2021;18:39:58;4,75;7,75
12.04.2021;18:39:54;4,82;7,69
13.04.2021;18:39:58;4,82;7,68
14.04.2021;18:39:56;4,8;7,5
15.04.2021;18:39:50;4,93;7,54
16.04.2021;18:39:58;4,85;7,47
19.04.2021;18:39:39;4,87;7,55
20.04.2021;18:39:57;4,93;7,53
21.04.2021;18:39:56;4,95;7,53
22.04.2021;18:39:56;5,08;7,46
23.04.2021;18:39:57;5,2;7,48
26.04.2021;18:39:52;5,2;7,43
27.04.2021;18:39:58;5,16;7,5
28.04.2021;18:39:54;5,12;7,52
29.04.2021;18:39:55;5,06;7,55
30.04.2021;18:39:51;5,01;7,56
04.05.2021;18:39:53;5,04;7,52
05.05.2021;18:39:52;5,02;7,53
06.05.2021;18:39:58;5,07;7,54
07.05.2021;18:39:53;5,09;7,54
10.05.2021;18:39:56;5,02;7,49
11.05.2021;18:39:54;5,15;7,58
12.05.2021;18:39:59;5,26;7,68
13.05.2021;18:39:59;5,23;7,67
14.05.2021;18:39:59;5,21;7,64
17.05.2021;18:39:58;5,24;7,63
18.05.2021;18:39:59;5,23;7,64
19.05.2021;18:39:59;5,22;7,65
20.05.2021;18:39:58;5,21;7,62
21.05.2021;18:39:31;5,23;7,63
24.05.2021;18:39:57;5,22;7,62
25.05.2021;18:39:56;5,27;7,66
26.05.2021;18:39:58;5,3;7,62
27.05.2021;18:39:58;5,45;7,6
28.05.2021;18:39:58;5,5;7,6
31.05.2021;18:39:56;5,52;7,6
01.06.2021;18:39:51;5,67;7,62
02.06.2021;18:39:58;5,64;7,6
03.06.2021;18:39:53;5,67;7,61
04.06.2021;18:39:59;5,75;7,6
07.06.2021;18:39:51;5,73;7,57
08.06.2021;18:39:51;5,73;7,62
09.06.2021;18:39:54;5,77;7,65
10.06.2021;18:39:54;5,76;7,51
11.06.2021;18:39:55;5,81;7,49
14.06.2021;18:39:58;5,82;7,52
15.06.2021;18:39:55;5,93;7,56
16.06.2021;18:39:36;5,83;7,46
17.06.2021;18:38:56;5,82;7,37
18.06.2021;18:39:52;5,77;7,28
21.06.2021;18:39:28;5,77;7,29
22.06.2021;18:39:38;5,75;7,34
23.06.2021;18:39:54;5,75;7,31
24.06.2021;18:39:44;5,73;7,27
25.06.2021;18:39:50;5,73;7,28
28.06.2021;18:39:39;5,78;7,31
29.06.2021;18:39:47;5,78;7,33
30.06.2021;18:39:31;5,77;7,3
01.07.2021;18:39:29;5,71;7,33
02.07.2021;18:39:45;5,78;7,3
05.07.2021;18:39:59;5,87;7,29
06.07.2021;18:39:58;5,83;7,29
07.07.2021;18:39:58;5,86;7,3
08.07.2021;18:39:58;5,91;7,31
09.07.2021;18:39:57;5,93;7,29
12.07.2021;18:39:57;6,09;7,28
13.07.2021;18:39:58;6,06;7,35
14.07.2021;18:38:00;6,09;7,32
15.07.2021;18:39:54;6,14;7,34
16.07.2021;18:39:58;6,18;7,36
19.07.2021;18:39:53;6,17;7,36
20.07.2021;18:39:58;6,23;7,35
21.07.2021;18:39:53;6,25;7,3
22.07.2021;18:39:57;6,21;7,18
23.07.2021;18:39:58;6,35;7,15
26.07.2021;18:39:56;6,35;7,13
27.07.2021;18:39:56;6,46;7,15
28.07.2021;18:39:50;6,39;7,15
29.07.2021;18:39:58;6,43;7,15
30.07.2021;18:39:59;6,49;7,12
02.08.2021;18:39:59;6,48;7,22
03.08.2021;18:39:59;6,47;7,26
04.08.2021;18:39:59;6,5;7,3
05.08.2021;18:39:58;6,49;7,3
06.08.2021;18:39:55;6,49;7,36
09.08.2021;18:39:48;6,5;7,42
10.08.2021;18:39:57;6,5;7,44
11.08.2021;18:39:59;6,51;7,47
12.08.2021;18:39:51;6,49;7,46
13.08.2021;18:39:54;6,48;7,43
16.08.2021;18:39:59;6,54;7,42
17.08.2021;18:39:59;6,55;7,49
18.08.2021;18:39:58;6,49;7,53
19.08.2021;18:39:56;6,45;7,61
20.08.2021;18:39:47;6,45;7,64
23.08.2021;18:39:51;6,42;7,66
24.08.2021;18:39:57;6,43;7,68
25.08.2021;18:39:57;6,39;7,68
26.08.2021;18:39:59;6,45;7,67
27.08.2021;18:39:59;6,44;7,6
30.08.2021;18:39:48;6,4;7,6
31.08.2021;18:39:46;6,44;7,57
01.09.2021;18:39:57;6,45;7,54
02.09.2021;18:39:56;6,58;7,59
03.09.2021;18:39:47;6,58;7,59
06.09.2021;18:39:57;6,58;7,64
07.09.2021;18:39:55;6,69;7,64
08.09.2021;18:39:59;6,76;7,67
09.09.2021;18:39:58;6,83;7,72
10.09.2021;18:39:54;6,75;7,77
13.09.2021;18:39:59;6,81;7,79
14.09.2021;18:39:58;6,79;7,83
15.09.2021;18:39:19;6,83;7,9
16.09.2021;18:39:50;6,89;7,94
17.09.2021;18:39:57;6,88;7,95
20.09.2021;18:39:58;6,96;8
21.09.2021;18:39:57;6,99;7,97
22.09.2021;18:39:51;6,96;8
23.09.2021;18:39:56;7,07;8,05
24.09.2021;18:39:59;7,1;8,12
27.09.2021;18:39:41;7,1;8,12
28.09.2021;18:39:56;7,07;8,1
29.09.2021;18:39:57;7,09;8,05
30.09.2021;18:39:58;7,12;8,11
01.10.2021;18:39:58;7,09;8,13
04.10.2021;18:39:59;7,17;8,18
05.10.2021;18:39:59;7,21;8,3
06.10.2021;18:39:57;7,1;8,28
07.10.2021;18:39:58;7,11;8,06
08.10.2021;18:39:47;7,09;8,03
11.10.2021;18:39:57;7,14;8,05
12.10.2021;18:39:59;7,14;8,07
13.10.2021;18:39:59;7,13;8
14.10.2021;18:39:41;7,12;7,93
15.10.2021;18:39:59;7,11;7,97
18.10.2021;18:39:58;7,14;8,05
19.10.2021;18:39:56;7,13;8
20.10.2021;18:39:58;7,17;7,99
21.10.2021;18:39:58;7,12;8,08
22.10.2021;18:39:54;7,19;7,98
25.10.2021;18:39:56;7,29;7,93
26.10.2021;18:39:57;7,43;7,93
27.10.2021;18:39:55;7,3;7,96
28.10.2021;18:39:58;7,45;8,05
29.10.2021;18:39:57;7,46;8,03
01.11.2021;18:39:59;7,54;8,26
02.11.2021;18:39:58;7,51;8,23
03.11.2021;18:39:38;7,48;8,24
05.11.2021;18:39:57;7,37;8,21
08.11.2021;18:39:59;7,54;8,05
09.11.2021;18:39:44;7,61;7,95
10.11.2021;18:39:44;7,76;7,87
11.11.2021;18:39:56;7,8;7,89
12.11.2021;18:39:59;7,68;7,95
15.11.2021;18:39:54;7,66;8,13
16.11.2021;18:39:56;7,88;8,1
17.11.2021;18:39:24;7,88;8,09
18.11.2021;18:39:52;8,05;8,06
19.11.2021;18:39:56;8,09;8,06
22.11.2021;18:39:53;8,22;8,28
23.11.2021;18:39:55;8,47;8,13
24.11.2021;18:39:51;8,29;8,14
25.11.2021;18:39:57;8,04;8,06
26.11.2021;18:39:57;8,08;8,08
29.11.2021;18:39:53;7,81;8,1
30.11.2021;18:39:59;7,86;8,12
01.12.2021;18:39:56;7,78;8,16
02.12.2021;18:39:56;8,03;8,23
03.12.2021;18:39:54;7,94;8,23
06.12.2021;18:39:54;8,2;8,3
07.12.2021;18:39:59;8,26;8,39
08.12.2021;18:39:57;8,14;8,41
09.12.2021;18:39:56;7,98;8,37
10.12.2021;18:39:58;7,99;8,33
13.12.2021;18:39:58;7,85;8,41
14.12.2021;18:39:56;8,01;8,42
15.12.2021;18:39:59;7,8;8,45
16.12.2021;18:39:51;7,77;8,35
17.12.2021;18:39:58;7,54;8,22
20.12.2021;18:39:52;7,52;8,17
21.12.2021;18:39:58;7,56;8,27
22.12.2021;18:39:47;7,42;8,3
23.12.2021;18:39:53;7,34;8,43
24.12.2021;18:39:55;7,3;8,47
27.12.2021;18:39:59;7,39;8,45
28.12.2021;18:39:57;7,45;8,44
29.12.2021;18:39:58;7,52;8,45
30.12.2021;18:39:59;7,4;8,44
03.01.2022;18:39:54;7,37;8,37
04.01.2022;18:39:52;7,44;8,36
05.01.2022;18:39:48;7,48;8,34
06.01.2022;18:39:59;7,71;8,49
10.01.2022;18:39:55;8,1;8,57
11.01.2022;18:39:57;8,42;8,56
12.01.2022;18:39:56;8,52;8,46
13.01.2022;18:39:58;8,98;8,61
14.01.2022;18:39:58;9,25;8,71
17.01.2022;18:39:58;9,44;8,86
18.01.2022;18:39:58;9,59;8,87
19.01.2022;18:39:51;9,55;8,73
20.01.2022;18:39:59;9,63;8,81
21.01.2022;18:39:47;9,79;8,92
24.01.2022;18:39:42;9,98;9,26
25.01.2022;18:39:53;9,99;9,3
26.01.2022;18:39:57;9,9;9,29
27.01.2022;18:39:51;9,79;9,05
28.01.2022;18:39:51;9,74;9,09
31.01.2022;18:39:53;9,7;9,03
01.02.2022;18:39:55;9,73;9,02
02.02.2022;18:39:57;9,64;8,96
03.02.2022;18:39:55;9,65;8,99
04.02.2022;18:39:57;9,67;8,95
07.02.2022;18:39:52;9,69;9
08.02.2022;18:39:52;9,73;9,07
09.02.2022;18:39:56;9,76;9,1
10.02.2022;18:39:54;9,78;9,17
11.02.2022;18:39:56;10,15;9,38
14.02.2022;18:39:55;10,31;9,5
15.02.2022;18:39:54;10,07;9,31
16.02.2022;18:39:50;10,01;9,35
17.02.2022;18:39:58;10,11;9,38
18.02.2022;18:39:56;10,18;9,43
21.02.2022;18:39:58;11,15;10
22.02.2022;18:39:59;11,46;10,39
24.02.2022;18:39:58;16,88;10,66
25.02.2022;18:39:50;13,77;10,46
21.03.2022;16:49:59;17,22;12,57
22.03.2022;18:39:58;17,57;12,55
23.03.2022;18:39:58;17,87;13,12
24.03.2022;18:39:59;17,82;13,13
25.03.2022;18:39:58;17,47;13,61
28.03.2022;18:39:51;17,57;13,61
29.03.2022;18:39:59;17,12;12,76
30.03.2022;18:39:58;15,42;11,37
31.03.2022;18:39:52;15,14;11,07
01.04.2022;18:39:56;15,06;11,19
04.04.2022;18:39:59;15,55;11,61
05.04.2022;18:39:59;15,28;11,61
06.04.2022;18:39:57;15,22;11,93
07.04.2022;18:39:53;15,09;11,78
08.04.2022;18:39:58;13,95;10,99
11.04.2022;18:39:56;14,62;10,81
12.04.2022;18:39:50;15,67;10,76
13.04.2022;18:39:55;15,18;10,56
14.04.2022;18:39:57;15,29;10,53
15.04.2022;18:39:59;14,58;10,57
18.04.2022;18:39:59;14,15;10,27
19.04.2022;18:39:58;13,95;10,21
20.04.2022;18:39:57;14,6;10,01
21.04.2022;18:39:54;14,44;9,81
22.04.2022;18:39:58;14,46;9,88
25.04.2022;18:39:58;14,65;9,92
26.04.2022;18:39:56;14,6;9,81
27.04.2022;18:39:59;13,79;10,2
28.04.2022;18:39:59;13,06;10,49
29.04.2022;18:39:56;13,09;10,52
04.05.2022;18:39:59;13,7;10,46
05.05.2022;18:39:59;13,92;10,59
06.05.2022;18:39:59;13,33;10,48
11.05.2022;18:39:58;12,93;10,45
12.05.2022;18:39:59;12,68;10,52
13.05.2022;18:39:58;12,79;10,56
16.05.2022;18:39:59;12,23;10,59
17.05.2022;18:39:57;13,17;10,64
18.05.2022;18:39:58;13,1;10,62
19.05.2022;18:39:55;13,18;10,43
20.05.2022;18:39:58;13,07;10,34
23.05.2022;18:39:57;13,13;10,32
24.05.2022;18:39:58;13,02;10,19
25.05.2022;18:39:56;12,07;9,51
26.05.2022;18:39:57;11,04;9,39
27.05.2022;18:39:57;10,59;9,39
30.05.2022;18:39:55;10,65;9,5
31.05.2022;18:39:56;10,8;9,46
01.06.2022;18:39:58;10,44;9,22
02.06.2022;18:39:58;9,9;9,13
03.06.2022;18:39:58;9,96;9,17
06.06.2022;18:39:56;9,74;9,06
07.06.2022;18:39:56;9,61;9,04
08.06.2022;18:39:56;9,5;9,04
09.06.2022;18:39:55;9,4;9,03
10.06.2022;18:39:53;9,45;9,2
14.06.2022;18:39:55;9,68;9,11
15.06.2022;18:39:57;9,28;9,1
16.06.2022;18:39:50;9,22;8,96
17.06.2022;18:39:59;9,14;8,97
20.06.2022;18:39:59;9,32;8,96
21.06.2022;18:39:58;9,01;8,95
22.06.2022;18:39:53;9;8,94
23.06.2022;18:39:59;8,95;8,85
24.06.2022;18:39:57;8,8;8,82
27.06.2022;18:39:57;8,49;8,83
28.06.2022;18:39:57;8,65;8,83
29.06.2022;18:39:59;8,89;8,85
30.06.2022;18:39:57;8,75;8,83
01.07.2022;18:39:49;8,7;8,88
04.07.2022;18:39:58;8,39;8,96
05.07.2022;18:39:56;8,34;9,04
06.07.2022;18:39:57;8,22;9,01
07.07.2022;18:39:59;8,09;9,11
08.07.2022;18:39:59;8,11;9,15
11.07.2022;18:39:58;7,9;9,25
12.07.2022;18:39:58;7,89;9,23
13.07.2022;18:39:55;7,85;9,33
14.07.2022;18:39:56;8,16;9,25
15.07.2022;18:39:56;8,37;9,2
18.07.2022;18:39:58;8,36;9,24
19.07.2022;18:39:58;8,48;9,24
20.07.2022;18:39:59;8,41;9,24
21.07.2022;18:39:59;7,95;9,19
22.07.2022;18:39:54;7,42;9,08
25.07.2022;18:39:59;7,05;9,06
26.07.2022;18:39:56;6,98;9,13
27.07.2022;18:39:59;6,97;9,21
28.07.2022;18:39:58;7,05;9,2
29.07.2022;18:39:50;7,15;9,25
01.08.2022;18:39:57;7,36;9,19
02.08.2022;18:39:55;7,55;9,22
03.08.2022;18:39:58;7,61;9,21
04.08.2022;18:39:57;7,42;9,13
05.08.2022;18:39:57;7,42;9,16
08.08.2022;18:39:56;7,46;9,09
09.08.2022;18:39:56;7,35;9,13
10.08.2022;18:39:54;7,37;9,23
11.08.2022;18:39:58;7,34;9,25
12.08.2022;18:39:53;7,36;9,22
15.08.2022;18:39:58;7,34;9,28
16.08.2022;18:39:57;7,35;9,26
17.08.2022;18:39:58;7,38;9,19
18.08.2022;18:39:56;7,51;9,17
19.08.2022;18:39:56;7,51;9,29
22.08.2022;18:39:54;7,77;9,27
23.08.2022;18:39:59;7,63;9,25
24.08.2022;18:39:56;7,68;9,39
25.08.2022;18:39:56;7,69;9,32
26.08.2022;18:39:56;7,69;9,43
29.08.2022;18:39:57;7,67;9,45
30.08.2022;18:39:57;7,63;9,47
31.08.2022;18:39:52;7,71;9,56
01.09.2022;18:39:58;7,64;9,53
02.09.2022;18:39:58;7,59;9,64
05.09.2022;18:39:56;7,47;9,62
06.09.2022;18:39:50;7,51;9,62
07.09.2022;18:39:50;7,62;9,64
08.09.2022;18:39:58;7,45;9,69
09.09.2022;18:39:57;7,59;9,64
12.09.2022;18:39:48;7,54;9,61
13.09.2022;18:39:54;7,44;9,62
14.09.2022;18:39:57;7,46;9,55
15.09.2022;18:39:56;7,37;9,58
16.09.2022;18:39:54;7,44;9,65
19.09.2022;18:39:59;7,48;9,97
20.09.2022;18:39:55;7,58;10,57
21.09.2022;18:39:58;7,53;10,42
22.09.2022;18:39:57;7,41;10,67
23.09.2022;18:39:58;7,55;10,81
26.09.2022;18:39:58;8,25;11,13
27.09.2022;18:39:57;8,18;11
28.09.2022;18:39:57;8,2;10,9
29.09.2022;18:39:56;8,44;10,97
30.09.2022;18:39:45;8,61;11,15
03.10.2022;18:39:58;8,31;10,97
04.10.2022;18:39:58;7,93;10,83
05.10.2022;18:39:58;7,8;10,69
06.10.2022;18:39:54;7,72;10,88
07.10.2022;18:39:56;7,68;10,93
10.10.2022;18:39:56;7,82;11,1
11.10.2022;18:39:59;7,6;10,81
12.10.2022;18:39:59;7,72;10,87
13.10.2022;18:39:57;7,66;10,84
14.10.2022;18:39:56;7,64;10,84
17.10.2022;18:39:53;7,69;10,88
18.10.2022;18:39:58;7,69;10,85
19.10.2022;18:39:53;7,7;10,86
20.10.2022;18:39:53;7,72;10,91
21.10.2022;18:39:58;7,68;10,8
24.10.2022;18:39:50;7,7;10,79
25.10.2022;18:39:57;7,6;10,9
26.10.2022;18:39:54;7,63;10,83
27.10.2022;18:39:57;7,54;10,75
28.10.2022;18:39:57;7,42;10,73
31.10.2022;18:39:55;7,43;10,75
01.11.2022;18:39:54;7,52;10,75
02.11.2022;18:39:50;7,49;10,97
03.11.2022;18:39:57;7,37;10,98
07.11.2022;18:39:58;7,31;10,94
08.11.2022;18:39:51;7,42;11,14
09.11.2022;18:39:59;7,51;11,17
10.11.2022;18:39:58;7,51;11,09
11.11.2022;18:39:59;7,49;11,08
14.11.2022;18:39:58;7,32;11,02
15.11.2022;18:39:57;7,32;11,05
16.11.2022;18:39:44;7,34;10,76
17.11.2022;18:39:58;7,2;10,87
18.11.2022;18:39:57;7,31;10,9
21.11.2022;18:39:56;7,4;11,07
22.11.2022;18:39:52;7,3;11,1
23.11.2022;18:39:54;7,33;11,05
24.11.2022;18:39:53;7,29;10,95
25.11.2022;18:39:54;7,32;10,99
28.11.2022;18:39:56;7,24;10,96
29.11.2022;18:39:50;7,08;10,94
30.11.2022;18:39:59;7,11;10,85
01.12.2022;18:39:56;6,93;10,9
02.12.2022;18:39:56;7,05;10,99
05.12.2022;18:39:59;7,15;10,93
06.12.2022;18:39:57;7,08;10,92
07.12.2022;18:39:51;7,16;10,94
08.12.2022;18:39:56;6,98;10,97
09.12.2022;18:39:53;6,81;11
12.12.2022;18:39:57;6,66;10,93
13.12.2022;18:39:58;6,25;10,98
14.12.2022;18:39:58;6,31;11,03
15.12.2022;18:39:55;6,46;11,11
16.12.2022;18:39:58;6,61;11,03
19.12.2022;18:39:57;7,11;11,23
20.12.2022;18:39:57;7,2;11,2
21.12.2022;18:39:52;7,35;11,2
22.12.2022;18:39:57;7,14;11,22
23.12.2022;18:39:54;7,28;11,22
26.12.2022;18:39:57;7,23;11,1
27.12.2022;18:39:45;7,23;11,08
28.12.2022;18:39:49;7,2;11,07
29.12.2022;18:39:57;6,94;11,1
30.12.2022;18:39:51;6,68;11,04
03.01.2023;18:39:57;6,6;10,94
04.01.2023;18:39:58;6,8;10,96
05.01.2023;18:39:58;6,98;10,96
06.01.2023;18:39:59;6,91;10,89
09.01.2023;18:39:58;7,09;11,02
10.01.2023;18:39:46;7,04;11,06
11.01.2023;18:39:54;7,01;11,11
12.01.2023;18:39:54;7,04;11,07
13.01.2023;18:39:56;7,02;11,07
16.01.2023;18:39:50;7;11,13
17.01.2023;18:39:53;7;11,3
18.01.2023;18:39:57;7,03;11,3
19.01.2023;18:39:49;7,07;11,29
20.01.2023;18:39:57;7,1;11,39
23.01.2023;18:39:58;7,11;11,4
24.01.2023;18:39:49;7,08;11,43
25.01.2023;18:39:55;7,06;11,46
26.01.2023;18:39:59;6,88;11,42
27.01.2023;18:39:58;6,91;11,4
30.01.2023;18:39:58;6,82;11,34
31.01.2023;18:39:54;6,88;11,53
01.02.2023;18:39:46;6,94;11,64
02.02.2023;18:39:58;6,92;11,67
03.02.2023;18:39:46;6,94;11,82
06.02.2023;18:39:53;6,91;11,75
07.02.2023;18:39:56;7,06;11,8
08.02.2023;18:39:58;7,2;11,82
09.02.2023;18:39:56;7,23;11,72
10.02.2023;18:39:54;7,21;11,86
13.02.2023;18:39:55;7,38;11,68
14.02.2023;18:39:58;7,38;11,81
15.02.2023;18:39:56;7,36;11,73
16.02.2023;18:39:57;7,4;11,89
17.02.2023;18:39:59;7,29;11,86
20.02.2023;18:39:55;7,32;11,81
21.02.2023;18:39:52;7,39;11,82
22.02.2023;18:39:58;7,29;11,81
24.02.2023;18:39:57;7,01;11,73
27.02.2023;18:39:53;7,28;11,76
28.02.2023;18:39:58;7,28;11,79
01.03.2023;18:39:58;7,12;11,84
02.03.2023;18:39:56;7,31;11,83
03.03.2023;18:39:58;7,14;11,76
06.03.2023;18:39:55;7,16;11,69
07.03.2023;18:39:55;7,23;11,67
09.03.2023;18:39:51;7,25;11,64
10.03.2023;18:39:57;7,37;11,69
13.03.2023;18:39:53;7,48;11,69
14.03.2023;18:39:44;7,56;11,7
15.03.2023;18:39:58;7,45;11,69
16.03.2023;18:39:56;7,51;11,69
17.03.2023;18:39:58;7,51;11,53
20.03.2023;18:39:59;7,74;11,6
21.03.2023;18:39:57;7,78;11,53
22.03.2023;18:39:58;7,82;11,53
23.03.2023;18:39:54;7,8;11,53
24.03.2023;18:39:56;7,79;11,53
27.03.2023;18:39:58;7,78;11,55
28.03.2023;18:39:57;7,79;11,62
29.03.2023;18:39:58;7,74;11,65
30.03.2023;18:39:50;7,74;11,63
31.03.2023;18:39:58;7,77;11,66
03.04.2023;18:39:57;7,63;11,61
04.04.2023;18:39:59;7,62;11,62
05.04.2023;18:39:56;7,41;11,68
06.04.2023;18:39:53;7,37;11,74
07.04.2023;18:39:55;7,36;11,8
10.04.2023;18:39:48;7,33;11,79
11.04.2023;18:39:58;7,14;11,72
12.04.2023;18:39:55;7,18;11,79
13.04.2023;18:39:55;7,17;11,83
14.04.2023;18:39:51;7,22;11,86
17.04.2023;18:39:55;7,18;11,83
18.04.2023;18:39:47;7,19;11,88
19.04.2023;18:39:58;7,21;11,93
20.04.2023;18:39:48;7,2;11,84
21.04.2023;18:39:55;7,28;11,79
24.04.2023;18:39:51;7,25;11,79
25.04.2023;18:39:57;7,2;11,88
26.04.2023;18:39:51;7,29;11,97
27.04.2023;18:39:54;7,18;11,9
28.04.2023;18:39:52;7,23;11,85
02.05.2023;18:39:56;7,32;11,89
03.05.2023;18:39:55;7,39;11,96
04.05.2023;18:39:54;7,39;11,94
05.05.2023;18:39:56;7,26;11,87
08.05.2023;18:39:59;7,51;11,85
10.05.2023;18:39:58;7,59;11,87
11.05.2023;18:39:47;7,47;11,87
12.05.2023;18:39:54;7,54;11,88
15.05.2023;18:39:36;7,64;11,75
16.05.2023;18:39:53;7,63;11,83
17.05.2023;18:39:57;7,67;11,84
18.05.2023;18:39:58;7,65;11,85
19.05.2023;18:39:53;7,61;11,81
22.05.2023;18:39:57;7,53;11,79
23.05.2023;18:39:57;7,65;11,82
24.05.2023;18:39:58;7,7;11,81
25.05.2023;18:39:57;7,55;11,78
26.05.2023;18:39:58;7,53;11,77
29.05.2023;18:39:54;7,69;11,86
30.05.2023;18:39:57;7,63;11,88
31.05.2023;18:39:57;7,62;11,86
01.06.2023;18:39:58;7,67;11,86
02.06.2023;18:39:57;7,68;11,88
05.06.2023;18:39:57;7,68;11,9
06.06.2023;18:39:59;7,62;11,93
07.06.2023;18:39:57;7,6;11,93
08.06.2023;18:39:57;7,63;11,97
09.06.2023;18:39:57;7,48;12
13.06.2023;18:39:58;7,5;12,03
14.06.2023;18:39:53;7,37;12,11
15.06.2023;18:39:58;7,28;12,1
16.06.2023;18:39:57;7,25;12,11
19.06.2023;18:39:58;7,38;12,1
20.06.2023;18:39:56;7,42;12,03
21.06.2023;18:39:57;7,5;12,09
22.06.2023;18:39:57;7,44;12,02
23.06.2023;18:39:58;7,49;12,05
26.06.2023;18:39:58;7,55;12,05
27.06.2023;18:39:58;7,3;11,99
28.06.2023;18:39:58;7,49;12,08
29.06.2023;18:39:58;7,52;12,04
30.06.2023;18:39:55;7,51;12,04
03.07.2023;18:39:56;7,55;12,03
04.07.2023;18:39:57;7,42;12,09
05.07.2023;18:39:56;7,37;12,1
06.07.2023;18:39:58;7,39;12,11
07.07.2023;18:39:54;7,35;12,12
10.07.2023;18:39:57;7,46;12,05
11.07.2023;18:39:58;7,44;12,04
12.07.2023;18:39:56;7,52;12,12
13.07.2023;18:39:57;7,4;12,06
14.07.2023;18:39:57;7,39;11,99
17.07.2023;18:39:58;7,28;11,79
18.07.2023;18:39:59;7,28;11,81
19.07.2023;18:39:50;7,15;11,62
20.07.2023;18:39:56;7,16;11,71
21.07.2023;18:39:58;7,45;11,73
24.07.2023;18:39:57;7,57;11,78
25.07.2023;18:39:59;7,66;11,83
26.07.2023;18:39:55;7,65;11,88
27.07.2023;18:39:53;7,71;11,82
28.07.2023;18:39:47;7,76;11,77
31.07.2023;18:39:57;7,82;11,55
01.08.2023;18:39:46;7,86;11,68
02.08.2023;18:39:59;7,68;11,58
03.08.2023;18:39:55;7,76;11,4
04.08.2023;18:39:50;7,83;11,36
07.08.2023;18:39:57;7,8;11,37
08.08.2023;18:39:59;7,81;11,36
09.08.2023;18:39:57;7,88;11,44
10.08.2023;18:39:58;7,83;11,44
11.08.2023;18:39:57;7,92;11,41
14.08.2023;18:39:59;8,39;11,4
15.08.2023;18:39:59;10,69;11,45
16.08.2023;18:39:56;10,53;11,49
17.08.2023;18:39:58;10,17;11,46
18.08.2023;18:39:57;10,8;11,38
21.08.2023;18:39:58;10,53;11,46
22.08.2023;18:39:59;10,56;11,52
23.08.2023;18:39:57;10,53;11,54
24.08.2023;18:39:58;10,57;11,49
25.08.2023;18:39:58;10,55;11,52
28.08.2023;18:39:59;10,46;11,51
29.08.2023;18:39:59;10,3;11,56
30.08.2023;18:39:57;10,08;11,5
31.08.2023;18:39:58;10,31;11,68
01.09.2023;18:39:57;10,4;11,61
04.09.2023;18:39:56;10,56;11,63
05.09.2023;18:39:57;10,65;11,4
06.09.2023;18:39:57;11,01;11,53
07.09.2023;18:39:56;11,53;11,68
08.09.2023;18:39:57;11,87;11,61
11.09.2023;18:39:57;11,87;11,6
12.09.2023;18:39:59;11,81;11,49
13.09.2023;18:39:58;11,9;11,54
14.09.2023;18:39:59;12,04;11,54
15.09.2023;18:39:57;12,27;11,5
18.09.2023;18:39:56;12,17;11,48
19.09.2023;18:39:59;12,19;11,6
20.09.2023;18:39:56;12,14;11,62
21.09.2023;18:39:58;12,19;11,62
22.09.2023;18:39:56;12,37;11,6
25.09.2023;18:39:57;12,26;11,54
26.09.2023;18:39:59;12,5;11,72
27.09.2023;18:39:48;12,26;11,7
28.09.2023;18:39:58;12,39;11,77
29.09.2023;18:39:57;12,38;11,88
02.10.2023;18:39:56;12,35;11,83
03.10.2023;18:39:56;12,37;11,77
04.10.2023;18:39:55;12,58;11,68
05.10.2023;18:39:58;12,16;11,77
06.10.2023;18:39:57;11,9;11,8
09.10.2023;18:39:59;11,77;11,96
10.10.2023;18:39:58;11,7;11,93
11.10.2023;18:39:56;11,55;12,1
12.10.2023;18:39:56;11,65;12,05
13.10.2023;18:39:57;11,6;12,04
16.10.2023;18:39:58;11,66;12,03
17.10.2023;18:39:56;12,01;12,1
18.10.2023;18:39:57;11,77;12,23
19.10.2023;18:39:57;11,99;12,2
20.10.2023;18:39:56;11,89;12,18
23.10.2023;18:39:59;12,11;12,04
24.10.2023;18:39:57;12,35;12,13
25.10.2023;18:39:58;12,52;12,16
26.10.2023;18:39:58;12,46;12,31
27.10.2023;18:39:59;13,4;11,98
30.10.2023;18:39:58;13,42;12,43
31.10.2023;18:39:58;13,13;12,66
01.11.2023;18:39:56;13,05;12,5
02.11.2023;18:39:59;13,02;12,33
03.11.2023;18:39:58;13,1;12,25
06.11.2023;18:39:56;13,12;12,09
07.11.2023;18:39:58;12,95;11,99
08.11.2023;18:39:56;13,11;11,98
09.11.2023;18:39:56;12,76;11,93
10.11.2023;18:39:58;12,66;12,04
13.11.2023;18:39:57;12,76;12,06
14.11.2023;18:39:58;12,96;12,03
15.11.2023;18:39:58;12,71;12,06
16.11.2023;18:39:58;12,46;12,02
17.11.2023;18:39:58;12,77;11,76
20.11.2023;18:39:59;12,46;11,77
21.11.2023;18:39:57;12,45;11,8
22.11.2023;18:39:59;12,46;11,71
23.11.2023;18:39:58;12,55;11,74
24.11.2023;18:39:56;13,5;11,74
27.11.2023;18:39:57;13,29;11,77
28.11.2023;18:39:56;13,15;11,77
29.11.2023;18:39:58;13,3;11,75
30.11.2023;18:39:57;13,51;11,78
01.12.2023;18:39:59;14,18;11,9
04.12.2023;18:39:57;14,22;11,85
05.12.2023;18:39:58;14,65;11,99
06.12.2023;18:39:59;14,24;12,07
07.12.2023;18:39:57;14,38;12,23
08.12.2023;18:39:58;14,64;12,28
11.12.2023;18:39:59;14,48;12,34
12.12.2023;18:39:57;14,31;12,38
13.12.2023;18:39:58;14,52;12,49
14.12.2023;18:39:55;14,69;12,57
15.12.2023;18:39:58;14,39;12,4
18.12.2023;18:39:58;14,15;11,86
19.12.2023;18:39:58;14,05;11,89
20.12.2023;18:39:57;14,53;11,87
21.12.2023;18:39:58;14,43;12,07
22.12.2023;18:39:57;13,85;11,93
25.12.2023;18:39:59;13,78;11,9
26.12.2023;18:39:59;13,33;12
27.12.2023;18:39:57;13,22;12,05
28.12.2023;18:39:57;12,78;11,62
29.12.2023;18:39:59;11,73;11,64
03.01.2024;18:39:57;12,89;11,56
04.01.2024;18:39:58;13,13;11,61
05.01.2024;18:39:58;13,27;11,55
08.01.2024;18:39:58;13,44;11,62
09.01.2024;18:39:58;14,35;11,93
10.01.2024;18:39:57;13,88;11,81
11.01.2024;18:39:59;13,65;12,29
12.01.2024;18:39:55;14,12;12,2
15.01.2024;18:39:58;13,76;12,41
16.01.2024;18:39:58;13,7;12,72
17.01.2024;18:39:56;13,68;13,26
18.01.2024;18:39:59;13,53;13,38
19.01.2024;18:39:58;13,47;12,92
22.01.2024;18:39:55;13,32;12,92
23.01.2024;18:39:54;13,3;12,93
24.01.2024;18:39:58;13,47;13,33
25.01.2024;18:39:53;13,38;13,22
26.01.2024;18:39:58;13,3;13,18
29.01.2024;18:39:58;13,47;13,32
30.01.2024;18:39:57;13,51;13,39
31.01.2024;18:39:59;13,46;13,51
01.02.2024;18:39:56;13,49;13,31
02.02.2024;18:39:52;13,52;13,48
05.02.2024;18:39:58;13,59;13,58
06.02.2024;18:39:58;13,57;13,79
07.02.2024;18:39:54;13,68;14,04
08.02.2024;18:39:55;13,79;14,22
09.02.2024;18:39:58;13,88;14,33
12.02.2024;18:39:58;13,99;14,53
13.02.2024;18:39:59;13,89;14,46
14.02.2024;18:39:59;14,13;14,5
15.02.2024;18:39:58;14,32;14,43
16.02.2024;18:39:55;14,26;14,55
19.02.2024;18:39:55;14,13;14,5
20.02.2024;18:39:56;14,39;14,46
21.02.2024;18:39:55;14,17;14,38
22.02.2024;18:39:58;14,31;14,4
26.02.2024;18:39:54;14,17;14,29
27.02.2024;18:39:58;14,34;14,4
28.02.2024;18:39:57;14,25;14,37
29.02.2024;18:39:55;13,59;13,84
01.03.2024;18:39:48;14,02;14,4
04.03.2024;18:39:58;14,38;14,28
05.03.2024;18:39:58;14,45;14,11
06.03.2024;18:39:57;14,38;13,86
07.03.2024;18:39:57;14,5;13,59
11.03.2024;18:39:53;14,48;13,55
12.03.2024;18:39:57;14,36;13,62
13.03.2024;18:39:59;14,43;13,81
14.03.2024;18:39:57;14,54;13,93
15.03.2024;18:39:58;14,88;14,19
18.03.2024;18:39:59;14,98;14,52
19.03.2024;18:39:59;15,07;14,76
20.03.2024;18:39:56;15,26;14,83
21.03.2024;18:39:54;15,22;14,69
22.03.2024;18:39:56;15,29;14,87
25.03.2024;18:39:59;15,15;14,78
26.03.2024;18:39:55;15,06;14,45
27.03.2024;18:39:59;15,07;14,16
28.03.2024;18:39:58;14,98;14,17
29.03.2024;18:39:53;15,12;14,29
01.04.2024;18:39:57;15,09;14,51
02.04.2024;18:39:58;14,96;14,4
03.04.2024;18:39:58;14,89;14,52
04.04.2024;18:39:54;14,78;14,68
05.04.2024;18:39:57;14,79;14,76
08.04.2024;18:39:58;14,73;14,82
09.04.2024;18:39:57;14,82;14,86
10.04.2024;18:39:58;14,7;14,85
11.04.2024;18:39:58;14,92;14,97
12.04.2024;18:39:57;14,93;15,02
15.04.2024;18:39:57;14,99;14,92
16.04.2024;18:39:58;14,81;15,01
17.04.2024;18:39:58;14,87;14,57
18.04.2024;18:39:58;15,22;14,5
19.04.2024;18:39:58;15,26;13,94
22.04.2024;18:39:56;15;13,93
23.04.2024;18:39:50;15,11;13,96
24.04.2024;18:39:40;15,05;14
25.04.2024;18:39:57;15,02;13,84
26.04.2024;18:39:57;14,95;14,12
27.04.2024;18:39:59;14,8;14,2
29.04.2024;18:39:59;14,48;14,03
30.04.2024;18:39:58;14,65;14,12
02.05.2024;18:39:58;15,12;14,19
03.05.2024;18:39:56;15,12;14,28
06.05.2024;18:39:57;15,24;14,43
07.05.2024;18:39:58;15,1;14,48
08.05.2024;18:39:59;15,04;14,44
10.05.2024;18:39:58;15,3;14,47
13.05.2024;18:39:57;15,21;14,59
14.05.2024;18:39:58;14,99;14,72
15.05.2024;18:39:57;15,02;14,4
16.05.2024;18:39:57;14,92;14,25
17.05.2024;18:39:55;14,83;14,13
20.05.2024;18:39:58;14,83;14,18
21.05.2024;18:39:55;14,87;14,24
22.05.2024;18:39:57;15,03;14,03
23.05.2024;18:39:59;14,97;14,19
24.05.2024;18:39:57;14,98;14,24
27.05.2024;18:39:57;15,21;14,3
28.05.2024;18:39:59;15,17;14,15
29.05.2024;18:39:58;15,31;14,33
30.05.2024;18:39:59;15,08;14,5
31.05.2024;18:39:57;15,13;14,71
03.06.2024;18:39:57;15,1;14,6
04.06.2024;18:39:57;15,25;14,04
05.06.2024;18:39:59;14,88;14,3
06.06.2024;18:39:59;14,99;14,3
07.06.2024;18:39:58;14,96;14,2
10.06.2024;18:39:59;15,02;14,58
11.06.2024;18:39:58;14,78;14,52
13.06.2024;18:39:59;14,99;14,66
14.06.2024;18:39:59;15,14;14,74
17.06.2024;18:39:59;15,24;14,8
18.06.2024;18:39:55;15,36;14,98
19.06.2024;18:39:56;15,7;15,03
20.06.2024;18:39:59;15,6;15,08
21.06.2024;18:39:59;15,54;14,76
24.06.2024;18:39:59;15,48;14,64
25.06.2024;18:39:59;15,52;14,61
26.06.2024;18:39:58;15,28;14,49
27.06.2024;18:39:58;15,59;14,55
28.06.2024;18:39:55;15,89;14,73
01.07.2024;18:39:55;15,79;14,88
02.07.2024;18:39:56;15,86;14,89
03.07.2024;18:39:54;15,55;14,79
04.07.2024;18:39:58;15,53;14,94
05.07.2024;18:39:58;15,7;15,05
08.07.2024;18:39:58;15,49;15,02
09.07.2024;18:39:58;15,55;14,99
10.07.2024;18:39:59;15,33;15,06
11.07.2024;18:39:49;15,68;15,17
12.07.2024;18:39:52;15,95;15,21
15.07.2024;18:39:54;15,42;15,28
16.07.2024;18:39:51;15,37;15,26
17.07.2024;18:39:56;14,83;15,61
18.07.2024;18:39:58;15,13;15,13
19.07.2024;18:39:58;15,22;15,1
22.07.2024;18:39:57;15,22;15
23.07.2024;18:39:57;15,52;15,18
24.07.2024;18:39:59;15,88;15,05
25.07.2024;18:39:59;16,08;15,1
26.07.2024;18:39:57;16,61;15,37
29.07.2024;18:39:58;16,19;15,57
30.07.2024;18:39:59;15,82;15,32
31.07.2024;18:39:57;16,28;15,35
01.08.2024;18:39:56;16,11;14,89
02.08.2024;18:39:59;16,16;14,81
05.08.2024;18:39:57;16,14;15,09
06.08.2024;18:39:58;16,16;14,65
07.08.2024;18:39:58;16,47;14,31
08.08.2024;18:39:55;16,4;13,91
09.08.2024;18:39:58;16,62;13,77
12.08.2024;18:39:55;16,6;14,02
13.08.2024;18:39:58;16,72;13,96
14.08.2024;18:39:58;16,65;14,52
15.08.2024;18:39:57;16,98;15,07
16.08.2024;18:39:59;16,92;14,69
19.08.2024;18:39:59;16,81;14,72
20.08.2024;18:39:59;16,63;14,84
21.08.2024;18:39:57;16,94;14,91
22.08.2024;18:39:54;17,06;14,68
23.08.2024;18:39:58;16,39;15,25
26.08.2024;18:39:59;17,12;15,21
27.08.2024;18:39:59;17,24;15,32
28.08.2024;18:39:53;17,27;15,41
29.08.2024;18:39:58;17,06;15,28
30.08.2024;18:39:59;17,4;15,22
02.09.2024;18:39:56;17,51;15,41
03.09.2024;18:39:57;17,59;15,35
04.09.2024;18:39:59;17,61;14,9
05.09.2024;18:39:58;17,51;14,5
06.09.2024;18:39:58;17,28;13,97
09.09.2024;18:39:59;17,28;13,85
10.09.2024;18:39:57;17,54;14,26
11.09.2024;18:39:57;17,39;14,38
12.09.2024;18:39:54;17,56;14,62
13.09.2024;18:39:58;18,4;14,49
16.09.2024;18:39:58;18,36;14,37
17.09.2024;18:39:59;18,62;14,47
18.09.2024;18:39:59;18,69;14,54
19.09.2024;18:39:59;18,51;14,47
20.09.2024;18:39:59;18,43;14,25
23.09.2024;18:39:58;18,51;14,22
24.09.2024;18:39:53;18,64;14,12
25.09.2024;18:39:56;18,63;14,15
26.09.2024;18:39:58;18,88;14,28
27.09.2024;18:39:59;19,03;14,23
30.09.2024;18:39:58;19,49;14,24
01.10.2024;18:39:57;19,64;14,48
02.10.2024;18:39:57;19,5;14,52
03.10.2024;18:39:53;19,76;14,68
04.10.2024;18:39:57;19,75;14,74
07.10.2024;18:39:58;19,73;14,8
08.10.2024;18:39:58;19,34;14,69
09.10.2024;18:39:57;19,44;14,69
10.10.2024;18:39:52;19,31;14,58
11.10.2024;18:39:56;19,17;14,46
14.10.2024;18:39:57;19,16;14,32
15.10.2024;18:39:57;19,14;14,47
16.10.2024;18:39:57;18,96;14,55
17.10.2024;18:39:57;18,89;14,64
18.10.2024;18:39:59;19,04;14,66
21.10.2024;18:39:57;19,26;14,48
22.10.2024;18:39:59;19,74;14,46
23.10.2024;18:39:49;19,57;14,36
24.10.2024;18:39:55;19,7;14,37
25.10.2024;18:39:58;20,53;14,5
28.10.2024;18:39:59;20,57;14,67
29.10.2024;18:39:57;20,53;14,68
30.10.2024;18:39:58;20,54;14,59
31.10.2024;18:39:58;21,72;14,7
01.11.2024;18:39:58;21,68;14,62
02.11.2024;18:39:57;21,65;14,6
05.11.2024;18:39:58;21,76;14,41
06.11.2024;18:39:58;22,09;14,25
07.11.2024;18:39:53;21,9;13,86
08.11.2024;18:39:58;21,9;13,73
11.11.2024;18:39:58;21,46;13,69
12.11.2024;18:39:58;21,42;13,88
13.11.2024;18:39:58;21,48;13,66
14.11.2024;18:39:58;21,61;13,69
15.11.2024;18:39:58;21,73;13,82
18.11.2024;18:39:57;21,37;13,96
19.11.2024;18:39:57;21,67;14
20.11.2024;18:39:57;21,51;14,21
21.11.2024;18:39:58;21,87;14,53
22.11.2024;18:39:58;21,93;14,51
25.11.2024;18:39:59;22,18;14,46
26.11.2024;18:39:53;22,38;14,67
27.11.2024;18:39:56;22,89;14,79
28.11.2024;18:39:57;22,91;14,52
29.11.2024;18:39:57;23,22;14,29
02.12.2024;18:39:55;23,49;14,31
03.12.2024;18:39:58;23,36;14,1
04.12.2024;18:39:59;23,27;13,97
05.12.2024;18:39:59;23,62;14,06
06.12.2024;18:39:58;23,58;14,35
09.12.2024;18:39:59;23,06;14,53
10.12.2024;18:39:56;22,67;14,64
11.12.2024;18:39:58;22,85;14,3
12.12.2024;18:39:54;23,15;15,01
13.12.2024;18:39:46;22,88;14,89
16.12.2024;18:39:58;22,97;14,17
17.12.2024;18:39:57;23,02;14,05
18.12.2024;18:39:59;22,67;13,73
19.12.2024;18:39:57;22,41;13,56
20.12.2024;18:39:59;20,28;13,37
23.12.2024;18:39:59;18,61;13,23
24.12.2024;18:39:57;18,29;13,43
25.12.2024;18:39:56;18,33;13,8
26.12.2024;18:39:54;17,97;13,94
27.12.2024;18:39:59;17,49;13,99
28.12.2024;18:39:58;18,55;14,2
30.12.2024;18:39:59;18,8;13,9
03.01.2025;18:39:58;18,7;14,28
06.01.2025;18:39:58;19,1;14,05
08.01.2025;18:39:58;19,43;14,1
09.01.2025;18:39:58;18,77;14,49
10.01.2025;18:39:56;19,06;14,67
13.01.2025;18:39:59;19,03;14,7
14.01.2025;18:39:56;19,07;14,77
15.01.2025;18:39:53;19,32;14,83
16.01.2025;18:39:58;19,39;14,69
17.01.2025;18:39:58;19,45;14,74
20.01.2025;18:39:57;19,24;14,67
21.01.2025;18:39:58;19,32;14,87
22.01.2025;18:39:57;20;14,93
23.01.2025;18:39:59;19,45;14,94
24.01.2025;18:39:58;19,44;15,11
27.01.2025;18:39:58;20,19;16
28.01.2025;18:39:55;20,4;16,12
29.01.2025;18:39:58;19,34;15,83
30.01.2025;18:39:58;18,79;15,92
31.01.2025;18:39:58;18,68;15,95
03.02.2025;18:39:55;18,96;15,8
04.02.2025;18:39:58;19,23;15,75
05.02.2025;18:39:58;19,51;15,78
06.02.2025;18:39:54;19,74;15,58
07.02.2025;18:39:58;19,71;15,42
10.02.2025;11:58:51;19,61;15,46
